api_id,method,path,operation_id,tag,interaction_ids,permissions,execution_mode,idempotency,audit_actions,error_codes,event_schema,priority,source_document
API-001,GET,/auth/session,getAuthSession,Auth,INT-008,self,sync,none,,AUTH_SESSION_EXPIRED|RESOURCE_FORBIDDEN|RESOURCE_NOT_FOUND,,P0,06-api-requirements.md
API-002,POST,/auth/login,login,Auth,INT-010,public,sync,required,,AUTH_INVALID_CREDENTIALS|VALIDATION_FAILED|RATE_LIMITED,,P0,06-api-requirements.md
API-003,POST,/auth/logout,logout,Auth,INT-004,self,sync,required,auth.session_revoked,AUTH_SESSION_EXPIRED|RESOURCE_FORBIDDEN|RESOURCE_NOT_FOUND|VALIDATION_FAILED|IDEMPOTENCY_CONFLICT,,P0,06-api-requirements.md
API-004,POST,/users,createUser,Auth,INT-012,public,sync,required,,VALIDATION_FAILED|IDEMPOTENCY_CONFLICT|RATE_LIMITED,,P0,06-api-requirements.md
API-005,GET,/users/me/profile,getMyProfile,Auth,INT-001,self,sync,none,,AUTH_SESSION_EXPIRED|RESOURCE_FORBIDDEN|RESOURCE_NOT_FOUND,,P1,06-api-requirements.md
API-006,PATCH,/users/me/profile,updateMyProfile,Auth,INT-014,self,sync,none,,AUTH_SESSION_EXPIRED|RESOURCE_FORBIDDEN|RESOURCE_NOT_FOUND|VALIDATION_FAILED|REVISION_CONFLICT,,P0,06-api-requirements.md
API-007,POST,/users/me/onboarding/complete,completeOnboarding,Auth,INT-015,self,sync,required,,AUTH_SESSION_EXPIRED|RESOURCE_FORBIDDEN|RESOURCE_NOT_FOUND|VALIDATION_FAILED|IDEMPOTENCY_CONFLICT,,P0,06-api-requirements.md
API-008,GET,/notifications,listNotifications,Auth,INT-002|INT-016,notification.self,sync,none,,AUTH_SESSION_EXPIRED|RESOURCE_FORBIDDEN|RESOURCE_NOT_FOUND,,P1,06-api-requirements.md
API-009,POST,/notifications/{notification_id}/read,markNotificationRead,Auth,INT-002,notification.self,sync,required,,AUTH_SESSION_EXPIRED|RESOURCE_FORBIDDEN|RESOURCE_NOT_FOUND|VALIDATION_FAILED|IDEMPOTENCY_CONFLICT,,P2,06-api-requirements.md
API-010,GET,/home,getHome,Home,INT-001|INT-015|INT-016|INT-148,authenticated_user,sync,none,,AUTH_SESSION_EXPIRED|RESOURCE_FORBIDDEN|RESOURCE_NOT_FOUND,,P0,06-api-requirements.md
API-011,GET,/runtime/status,getRuntimeStatus,Monitor,INT-006,resource.read,sync,none,,AUTH_SESSION_EXPIRED|RESOURCE_FORBIDDEN|RESOURCE_NOT_FOUND,,P1,06-api-requirements.md
API-012,GET,/operations/{operation_id},getOperation,Monitor,INT-007,operation.parent.read,sync,none,,AUTH_SESSION_EXPIRED|RESOURCE_FORBIDDEN|RESOURCE_NOT_FOUND,,P0,06-api-requirements.md
API-013,GET,/states/{state_id}/health-summary,getStateHealthSummary,Monitor,INT-017,state.monitor.summary.read|state.monitor.detail.read,sync,none,,AUTH_SESSION_EXPIRED|RESOURCE_FORBIDDEN|RESOURCE_NOT_FOUND,,P1,06-api-requirements.md
API-014,GET,/states/{state_id}/monitor,getStateMonitor,Monitor,INT-018|INT-149|INT-150,state.monitor.summary.read|state.monitor.detail.read,sync,none,,AUTH_SESSION_EXPIRED|RESOURCE_FORBIDDEN|RESOURCE_NOT_FOUND,,P1,06-api-requirements.md
API-015,GET,/states/{state_id}/monitor/events,streamStateMonitorEvents,Monitor,INT-018|INT-019|INT-151|INT-152|INT-153,state.monitor.detail.read|state.monitor.logs.read,sse,none,,AUTH_SESSION_EXPIRED|RESOURCE_FORBIDDEN|RESOURCE_NOT_FOUND|EVENT_CURSOR_EXPIRED|DEPENDENCY_UNAVAILABLE,events/event.schema.json,P1,06-api-requirements.md
API-016,GET,/states/current,getCurrentState,StateLab,INT-020,installation_owner,sync,none,,AUTH_SESSION_EXPIRED|RESOURCE_FORBIDDEN|RESOURCE_NOT_FOUND,,P0,06-api-requirements.md
API-017,GET,/states/{state_id},getState,StateLab,INT-021|INT-133,state.private.read,sync,none,,AUTH_SESSION_EXPIRED|RESOURCE_FORBIDDEN|RESOURCE_NOT_FOUND,,P0,06-api-requirements.md
API-018,GET,/states/{state_id}/passport,getStatePassport,StateLab,INT-024|INT-136,state.passport.public.read|state.private.read,sync,none,,AUTH_SESSION_EXPIRED|RESOURCE_FORBIDDEN|RESOURCE_NOT_FOUND,,P1,06-api-requirements.md
API-019,GET,/states/{state_id}/learnings,listStateLearnings,StateLab,INT-025,state.private.read,sync,none,,AUTH_SESSION_EXPIRED|RESOURCE_FORBIDDEN|RESOURCE_NOT_FOUND,,P1,06-api-requirements.md
API-020,GET,/states/{state_id}/available-skills,listAvailableStateSkills,StateLab,INT-022,state.private.read,sync,none,,AUTH_SESSION_EXPIRED|RESOURCE_FORBIDDEN|RESOURCE_NOT_FOUND,,P1,06-api-requirements.md
API-021,GET,/states/{state_id}/editable-draft,getEditableStateDraft,StateLab,INT-023,state.draft.read|state.draft.create,sync,required,,AUTH_SESSION_EXPIRED|RESOURCE_FORBIDDEN|RESOURCE_NOT_FOUND|IDEMPOTENCY_CONFLICT,,P0,06-api-requirements.md
API-022,GET,/states/{state_id}/test-summary,getStateTestSummary,StateLab,INT-026|INT-116,state.test.run,sync,none,,AUTH_SESSION_EXPIRED|RESOURCE_FORBIDDEN|RESOURCE_NOT_FOUND,,P0,06-api-requirements.md
API-023,GET,/states/{state_id}/ledger-summary,getStateLedgerSummary,StateLab,INT-027,state.ledger.read,sync,none,,AUTH_SESSION_EXPIRED|RESOURCE_FORBIDDEN|RESOURCE_NOT_FOUND,,P1,06-api-requirements.md
API-024,GET,/conversations/recent,listRecentConversations,Conversations,INT-028,conversation.owner|state.use,sync,none,,AUTH_SESSION_EXPIRED|RESOURCE_FORBIDDEN|RESOURCE_NOT_FOUND,,P1,06-api-requirements.md
API-025,POST,/conversations,createConversation,Conversations,INT-029,conversation.owner|state.use,sync,required,,AUTH_SESSION_EXPIRED|RESOURCE_FORBIDDEN|RESOURCE_NOT_FOUND|VALIDATION_FAILED|IDEMPOTENCY_CONFLICT,,P0,06-api-requirements.md
API-026,GET,/conversations/{conversation_id},getConversation,Conversations,INT-029|INT-034,conversation.owner|state.use,sync,none,,AUTH_SESSION_EXPIRED|RESOURCE_FORBIDDEN|RESOURCE_NOT_FOUND,,P0,06-api-requirements.md
API-027,GET,/conversations/{conversation_id}/messages,listConversationMessages,Conversations,INT-034|INT-035,conversation.owner|state.use,sync,none,,AUTH_SESSION_EXPIRED|RESOURCE_FORBIDDEN|RESOURCE_NOT_FOUND,,P1,06-api-requirements.md
API-028,POST,/conversations/{conversation_id}/messages,createConversationMessage,Conversations,INT-030,conversation.owner|state.use,async,required,,AUTH_SESSION_EXPIRED|RESOURCE_FORBIDDEN|RESOURCE_NOT_FOUND|VALIDATION_FAILED|IDEMPOTENCY_CONFLICT|INSUFFICIENT_QUOTA|DEPENDENCY_UNAVAILABLE,events/event.schema.json,P0,06-api-requirements.md
API-029,GET,/conversations/{conversation_id}/events,streamConversationEvents,Conversations,INT-032,conversation.owner|state.use,sse,none,,AUTH_SESSION_EXPIRED|RESOURCE_FORBIDDEN|RESOURCE_NOT_FOUND|EVENT_CURSOR_EXPIRED|DEPENDENCY_UNAVAILABLE,events/event.schema.json,P0,06-api-requirements.md
API-030,POST,/conversations/{conversation_id}/responses/{response_run_id}/retry,retryConversationResponse,Conversations,INT-033,conversation.owner|state.use,async,required,,AUTH_SESSION_EXPIRED|RESOURCE_FORBIDDEN|RESOURCE_NOT_FOUND|VALIDATION_FAILED|IDEMPOTENCY_CONFLICT|INSUFFICIENT_QUOTA|DEPENDENCY_UNAVAILABLE,events/event.schema.json,P0,06-api-requirements.md
API-031,POST,/audio/transcriptions,createAudioTranscription,Conversations,INT-031,audio_asset.owner,async,supported,,AUTH_SESSION_EXPIRED|RESOURCE_FORBIDDEN|RESOURCE_NOT_FOUND|VALIDATION_FAILED|INSUFFICIENT_QUOTA|DEPENDENCY_UNAVAILABLE,events/event.schema.json,P1,06-api-requirements.md
API-032,POST,/conversations/{conversation_id}/actions,createConversationAction,Conversations,INT-039,conversation.owner,async,required,,AUTH_SESSION_EXPIRED|RESOURCE_FORBIDDEN|RESOURCE_NOT_FOUND|VALIDATION_FAILED|IDEMPOTENCY_CONFLICT|INSUFFICIENT_QUOTA|DEPENDENCY_UNAVAILABLE,events/event.schema.json,P1,06-api-requirements.md
API-033,POST,/conversations/{conversation_id}/task-drafts,createTaskDraftFromConversation,Conversations,INT-038,conversation.owner,sync,required,,AUTH_SESSION_EXPIRED|RESOURCE_FORBIDDEN|RESOURCE_NOT_FOUND|VALIDATION_FAILED|IDEMPOTENCY_CONFLICT,,P0,06-api-requirements.md
API-034,POST,/share-links,createShareLink,Conversations,INT-036|INT-113,resource.share,sync,required,share_link.created,AUTH_SESSION_EXPIRED|RESOURCE_FORBIDDEN|RESOURCE_NOT_FOUND|VALIDATION_FAILED|IDEMPOTENCY_CONFLICT|SHARE_LINK_EXPIRED|SHARE_LINK_REVOKED,,P1,06-api-requirements.md
API-035,DELETE,/share-links/{share_link_id},revokeShareLink,Conversations,INT-036,resource.share,sync,required,share_link.revoked,AUTH_SESSION_EXPIRED|RESOURCE_FORBIDDEN|RESOURCE_NOT_FOUND|VALIDATION_FAILED|IDEMPOTENCY_CONFLICT|SHARE_LINK_EXPIRED|SHARE_LINK_REVOKED,,P1,06-api-requirements.md
API-036,GET,/exports/formats,listExportFormats,Conversations,INT-037|INT-112|INT-126,resource.export,sync,none,,AUTH_SESSION_EXPIRED|RESOURCE_FORBIDDEN|RESOURCE_NOT_FOUND|EXPORT_FORMAT_UNAVAILABLE|EXPORT_FAILED,,P1,06-api-requirements.md
API-037,POST,/export-jobs,createExportJob,Conversations,INT-037|INT-113|INT-126,resource.export,async,required,export.sensitive_created,AUTH_SESSION_EXPIRED|RESOURCE_FORBIDDEN|RESOURCE_NOT_FOUND|VALIDATION_FAILED|IDEMPOTENCY_CONFLICT|INSUFFICIENT_QUOTA|DEPENDENCY_UNAVAILABLE|EXPORT_FORMAT_UNAVAILABLE|EXPORT_FAILED,events/event.schema.json,P1,06-api-requirements.md
API-038,GET,/export-jobs/{export_job_id},getExportJob,Conversations,INT-037|INT-113|INT-126,resource.export,sync,none,,AUTH_SESSION_EXPIRED|RESOURCE_FORBIDDEN|RESOURCE_NOT_FOUND|EXPORT_FORMAT_UNAVAILABLE|EXPORT_FAILED,,P1,06-api-requirements.md
API-039,GET,/task-drafts/{task_draft_id},getTaskDraft,Tasks,INT-040,task_draft.owner,sync,none,,AUTH_SESSION_EXPIRED|RESOURCE_FORBIDDEN|RESOURCE_NOT_FOUND,,P0,06-api-requirements.md
API-040,PATCH,/task-drafts/{task_draft_id},updateTaskDraft,Tasks,INT-041|INT-049,task_draft.owner,sync,none,,AUTH_SESSION_EXPIRED|RESOURCE_FORBIDDEN|RESOURCE_NOT_FOUND|VALIDATION_FAILED|REVISION_CONFLICT,,P0,06-api-requirements.md
API-041,GET,/task-templates,listTaskTemplates,Tasks,INT-042,task_draft.owner,sync,none,,AUTH_SESSION_EXPIRED|RESOURCE_FORBIDDEN|RESOURCE_NOT_FOUND,,P1,06-api-requirements.md
API-042,POST,/task-drafts/{task_draft_id}/apply-template,applyTaskTemplate,Tasks,INT-042,task_draft.owner,sync,required,,AUTH_SESSION_EXPIRED|RESOURCE_FORBIDDEN|RESOURCE_NOT_FOUND|VALIDATION_FAILED|REVISION_CONFLICT|IDEMPOTENCY_CONFLICT,,P1,06-api-requirements.md
API-043,POST,/task-drafts/{task_draft_id}/sources,addTaskDraftSource,Tasks,INT-043|INT-044,task_draft.owner,async,required,,AUTH_SESSION_EXPIRED|RESOURCE_FORBIDDEN|RESOURCE_NOT_FOUND|VALIDATION_FAILED|IDEMPOTENCY_CONFLICT|INSUFFICIENT_QUOTA|DEPENDENCY_UNAVAILABLE|SOURCE_PARSE_FAILED|SOURCE_UNSAFE,events/event.schema.json,P0,06-api-requirements.md
API-044,DELETE,/task-drafts/{task_draft_id}/sources/{source_id},removeTaskDraftSource,Tasks,INT-045,task_draft.owner,sync,required,,AUTH_SESSION_EXPIRED|RESOURCE_FORBIDDEN|RESOURCE_NOT_FOUND|VALIDATION_FAILED|REVISION_CONFLICT|IDEMPOTENCY_CONFLICT|SOURCE_PARSE_FAILED|SOURCE_UNSAFE,,P0,06-api-requirements.md
API-045,POST,/task-drafts/{task_draft_id}/context-tags,addTaskContextTag,Tasks,INT-046,task_draft.owner,sync,required,,AUTH_SESSION_EXPIRED|RESOURCE_FORBIDDEN|RESOURCE_NOT_FOUND|VALIDATION_FAILED|REVISION_CONFLICT|IDEMPOTENCY_CONFLICT,,P1,06-api-requirements.md
API-046,DELETE,/task-drafts/{task_draft_id}/context-tags/{context_tag_id},removeTaskContextTag,Tasks,INT-047,task_draft.owner,sync,required,,AUTH_SESSION_EXPIRED|RESOURCE_FORBIDDEN|RESOURCE_NOT_FOUND|VALIDATION_FAILED|REVISION_CONFLICT|IDEMPOTENCY_CONFLICT,,P1,06-api-requirements.md
API-047,POST,/task-drafts/{task_draft_id}/actions,createTaskDraftAction,Tasks,INT-048,task_draft.owner,async,required,,AUTH_SESSION_EXPIRED|RESOURCE_FORBIDDEN|RESOURCE_NOT_FOUND|VALIDATION_FAILED|IDEMPOTENCY_CONFLICT|INSUFFICIENT_QUOTA|DEPENDENCY_UNAVAILABLE,events/event.schema.json,P1,06-api-requirements.md
API-048,POST,/task-runs,createTaskRun,Tasks,INT-050,task.run.create|state.use,async,required,,AUTH_SESSION_EXPIRED|RESOURCE_FORBIDDEN|RESOURCE_NOT_FOUND|VALIDATION_FAILED|IDEMPOTENCY_CONFLICT|INSUFFICIENT_QUOTA|DEPENDENCY_UNAVAILABLE,events/event.schema.json,P0,06-api-requirements.md
API-049,GET,/task-runs/{task_run_id},getTaskRun,Tasks,INT-007|INT-051,task.run.read,sync,none,,AUTH_SESSION_EXPIRED|RESOURCE_FORBIDDEN|RESOURCE_NOT_FOUND,,P0,06-api-requirements.md
API-050,GET,/task-runs/{task_run_id}/events,streamTaskRunEvents,Tasks,INT-051,task.run.read,sse,none,,AUTH_SESSION_EXPIRED|RESOURCE_FORBIDDEN|RESOURCE_NOT_FOUND|EVENT_CURSOR_EXPIRED|DEPENDENCY_UNAVAILABLE,events/event.schema.json,P0,06-api-requirements.md
API-051,POST,/task-runs/{task_run_id}/retry,retryTaskRun,Tasks,INT-052,task.run.retry|state.use,async,required,,AUTH_SESSION_EXPIRED|RESOURCE_FORBIDDEN|RESOURCE_NOT_FOUND|VALIDATION_FAILED|IDEMPOTENCY_CONFLICT|INSUFFICIENT_QUOTA|DEPENDENCY_UNAVAILABLE,events/event.schema.json,P0,06-api-requirements.md
API-052,GET,/task-runs/{task_run_id}/result,getTaskRunResult,Tasks,INT-053,task.run.result.read,sync,none,,AUTH_SESSION_EXPIRED|RESOURCE_FORBIDDEN|RESOURCE_NOT_FOUND,,P0,06-api-requirements.md
API-053,POST,/task-runs/{task_run_id}/refine-draft,createRefinedTaskDraft,Tasks,INT-054,task.run.result.read,sync,required,,AUTH_SESSION_EXPIRED|RESOURCE_FORBIDDEN|RESOURCE_NOT_FOUND|VALIDATION_FAILED|IDEMPOTENCY_CONFLICT,,P1,06-api-requirements.md
API-054,POST,/task-runs/{task_run_id}/state-adjustment-draft,createTaskStateAdjustmentDraft,Tasks,INT-055,task.run.result.read|state.draft.write,sync,required,,AUTH_SESSION_EXPIRED|RESOURCE_FORBIDDEN|RESOURCE_NOT_FOUND|VALIDATION_FAILED|IDEMPOTENCY_CONFLICT,,P0,06-api-requirements.md
API-055,GET,/artifacts/{artifact_id}/download-url,createArtifactDownloadUrl,Tasks,INT-056,artifact.download|task.run.result.read,sync,none,artifact.downloaded,AUTH_SESSION_EXPIRED|RESOURCE_FORBIDDEN|RESOURCE_NOT_FOUND|DOWNLOAD_URL_EXPIRED,,P0,06-api-requirements.md
API-056,GET,/state-lab,getStateLab,StateLab,INT-064,authenticated_user,sync,none,,AUTH_SESSION_EXPIRED|RESOURCE_FORBIDDEN|RESOURCE_NOT_FOUND,,P0,06-api-requirements.md
API-057,GET,/state-templates,listStateTemplates,StateLab,INT-064|INT-066,authenticated_user,sync,none,,AUTH_SESSION_EXPIRED|RESOURCE_FORBIDDEN|RESOURCE_NOT_FOUND,,P1,06-api-requirements.md
API-058,POST,/state-drafts,createStateDraft,StateLab,INT-066|INT-067,state.draft.create,sync,required,,AUTH_SESSION_EXPIRED|RESOURCE_FORBIDDEN|RESOURCE_NOT_FOUND|VALIDATION_FAILED|IDEMPOTENCY_CONFLICT,,P0,06-api-requirements.md
API-059,GET,/state-drafts/{state_draft_id},getStateDraft,StateLab,INT-057|INT-065,state.draft.read,sync,none,,AUTH_SESSION_EXPIRED|RESOURCE_FORBIDDEN|RESOURCE_NOT_FOUND,,P0,06-api-requirements.md
API-060,PATCH,/state-drafts/{state_draft_id},updateStateDraft,StateLab,INT-070|INT-073,state.draft.write,sync,none,,AUTH_SESSION_EXPIRED|RESOURCE_FORBIDDEN|RESOURCE_NOT_FOUND|VALIDATION_FAILED|REVISION_CONFLICT,,P0,06-api-requirements.md
API-061,POST,/state-drafts/{state_draft_id}/analyze-intent,analyzeStateIntent,StateLab,INT-068,state.draft.write,async,required,,AUTH_SESSION_EXPIRED|RESOURCE_FORBIDDEN|RESOURCE_NOT_FOUND|VALIDATION_FAILED|IDEMPOTENCY_CONFLICT|INSUFFICIENT_QUOTA|DEPENDENCY_UNAVAILABLE,events/event.schema.json,P0,06-api-requirements.md
API-062,GET,/state-drafts/{state_draft_id}/recommendations,getStateRecommendations,StateLab,INT-057|INT-068,state.draft.write,sync,none,,AUTH_SESSION_EXPIRED|RESOURCE_FORBIDDEN|RESOURCE_NOT_FOUND,,P0,06-api-requirements.md
API-063,POST,/state-drafts/{state_draft_id}/skill-compatibility,checkStateSkillCompatibility,StateLab,INT-058,state.skill_mount.manage|skill.read,sync,none,,AUTH_SESSION_EXPIRED|RESOURCE_FORBIDDEN|RESOURCE_NOT_FOUND|VALIDATION_FAILED,,P0,06-api-requirements.md
API-064,POST,/state-drafts/{state_draft_id}/skill-mounts,createStateSkillMount,StateLab,INT-069,state.skill_mount.manage|skill.read,sync,required,,AUTH_SESSION_EXPIRED|RESOURCE_FORBIDDEN|RESOURCE_NOT_FOUND|VALIDATION_FAILED|REVISION_CONFLICT|IDEMPOTENCY_CONFLICT,,P0,06-api-requirements.md
API-065,PUT,/state-drafts/{state_draft_id}/skill-mounts/order,reorderStateSkillMounts,StateLab,INT-070,state.skill_mount.manage|skill.read,sync,none,,AUTH_SESSION_EXPIRED|RESOURCE_FORBIDDEN|RESOURCE_NOT_FOUND|VALIDATION_FAILED|REVISION_CONFLICT,,P1,06-api-requirements.md
API-066,POST,/state-drafts/{state_draft_id}/imports,createStateDraftImport,StateLab,INT-071,state.skill_mount.manage|skill.read,async,required,,AUTH_SESSION_EXPIRED|RESOURCE_FORBIDDEN|RESOURCE_NOT_FOUND|VALIDATION_FAILED|IDEMPOTENCY_CONFLICT|INSUFFICIENT_QUOTA|DEPENDENCY_UNAVAILABLE,events/event.schema.json,P0,06-api-requirements.md
API-067,POST,/state-drafts/{state_draft_id}/save-and-retest,saveStateDraftAndRetest,StateLab,INT-061,state.draft.write|state.test.run,async,required,,AUTH_SESSION_EXPIRED|RESOURCE_FORBIDDEN|RESOURCE_NOT_FOUND|VALIDATION_FAILED|REVISION_CONFLICT|IDEMPOTENCY_CONFLICT|INSUFFICIENT_QUOTA|DEPENDENCY_UNAVAILABLE,events/event.schema.json,P0,06-api-requirements.md
API-068,POST,/state-drafts/{state_draft_id}/lab-tests,createStateLabTest,StateLab,INT-072,state.test.run,async,required,,AUTH_SESSION_EXPIRED|RESOURCE_FORBIDDEN|RESOURCE_NOT_FOUND|VALIDATION_FAILED|IDEMPOTENCY_CONFLICT|INSUFFICIENT_QUOTA|DEPENDENCY_UNAVAILABLE,events/event.schema.json,P0,06-api-requirements.md
API-069,POST,/state-drafts/{state_draft_id}/save-unpublished,saveStateDraftUnpublished,StateLab,INT-073,state.draft.write,sync,required,,AUTH_SESSION_EXPIRED|RESOURCE_FORBIDDEN|RESOURCE_NOT_FOUND|VALIDATION_FAILED|IDEMPOTENCY_CONFLICT,,P0,06-api-requirements.md
API-070,GET,/skills,listSkills,Skills,INT-074,authenticated_user|skill.read,sync,none,,AUTH_SESSION_EXPIRED|RESOURCE_FORBIDDEN|RESOURCE_NOT_FOUND,,P0,06-api-requirements.md
API-071,GET,/skill-templates,listSkillTemplates,Skills,INT-077,authenticated_user|skill.read,sync,none,,AUTH_SESSION_EXPIRED|RESOURCE_FORBIDDEN|RESOURCE_NOT_FOUND,,P1,06-api-requirements.md
API-072,POST,/skill-drafts,createSkillDraft,Skills,INT-080|INT-096,skill.draft.create,sync,required,,AUTH_SESSION_EXPIRED|RESOURCE_FORBIDDEN|RESOURCE_NOT_FOUND|VALIDATION_FAILED|IDEMPOTENCY_CONFLICT,,P0,06-api-requirements.md
API-073,GET,/skill-drafts/{skill_draft_id},getSkillDraft,Skills,INT-081|INT-097,skill.draft.read,sync,none,,AUTH_SESSION_EXPIRED|RESOURCE_FORBIDDEN|RESOURCE_NOT_FOUND,,P0,06-api-requirements.md
API-074,PATCH,/skill-drafts/{skill_draft_id},updateSkillDraft,Skills,INT-081|INT-082|INT-083|INT-084|INT-085|INT-097|INT-098|INT-099|INT-100|INT-101,skill.draft.write,sync,none,,AUTH_SESSION_EXPIRED|RESOURCE_FORBIDDEN|RESOURCE_NOT_FOUND|VALIDATION_FAILED|REVISION_CONFLICT,,P0,06-api-requirements.md
API-075,GET,/skill-drafts/{skill_draft_id}/files/{file_path},getSkillDraftFile,Skills,INT-086|INT-088,skill.file.read,sync,none,,AUTH_SESSION_EXPIRED|RESOURCE_FORBIDDEN|RESOURCE_NOT_FOUND,,P1,06-api-requirements.md
API-076,PUT,/skill-drafts/{skill_draft_id}/files/{file_path},updateSkillDraftFile,Skills,INT-086,skill.file.write,sync,none,,AUTH_SESSION_EXPIRED|RESOURCE_FORBIDDEN|RESOURCE_NOT_FOUND|VALIDATION_FAILED|REVISION_CONFLICT,,P0,06-api-requirements.md
API-077,GET,/skill-drafts/{skill_draft_id}/sources,listSkillDraftSources,Skills,INT-087,skill.draft.read,sync,none,,AUTH_SESSION_EXPIRED|RESOURCE_FORBIDDEN|RESOURCE_NOT_FOUND|SOURCE_PARSE_FAILED|SOURCE_UNSAFE,,P1,06-api-requirements.md
API-078,POST,/skill-drafts/{skill_draft_id}/sources,addSkillDraftSource,Skills,INT-087,skill.source.manage,async,required,,AUTH_SESSION_EXPIRED|RESOURCE_FORBIDDEN|RESOURCE_NOT_FOUND|VALIDATION_FAILED|IDEMPOTENCY_CONFLICT|INSUFFICIENT_QUOTA|DEPENDENCY_UNAVAILABLE|SOURCE_PARSE_FAILED|SOURCE_UNSAFE,events/event.schema.json,P1,06-api-requirements.md
API-079,POST,/skill-drafts/{skill_draft_id}/versions,createSkillDraftVersion,Skills,INT-089,skill.draft.write,sync,required,,AUTH_SESSION_EXPIRED|RESOURCE_FORBIDDEN|RESOURCE_NOT_FOUND|VALIDATION_FAILED|IDEMPOTENCY_CONFLICT,,P1,06-api-requirements.md
API-080,POST,/import-jobs,createImportJob,Skills,INT-092|INT-093,skill.import,async,required,,AUTH_SESSION_EXPIRED|RESOURCE_FORBIDDEN|RESOURCE_NOT_FOUND|VALIDATION_FAILED|IDEMPOTENCY_CONFLICT|INSUFFICIENT_QUOTA|DEPENDENCY_UNAVAILABLE,events/event.schema.json,P0,06-api-requirements.md
API-081,GET,/import-jobs/{import_job_id},getImportJob,Skills,INT-092|INT-093|INT-095,skill.import,sync,none,,AUTH_SESSION_EXPIRED|RESOURCE_FORBIDDEN|RESOURCE_NOT_FOUND,,P0,06-api-requirements.md
API-082,GET,/import-jobs/{import_job_id}/checks/{check_id},getImportCheck,Skills,INT-094,skill.import,sync,none,,AUTH_SESSION_EXPIRED|RESOURCE_FORBIDDEN|RESOURCE_NOT_FOUND,,P1,06-api-requirements.md
API-083,POST,/import-jobs/{import_job_id}/save-for-later,saveImportJobForLater,Skills,INT-095,skill.import,sync,required,,AUTH_SESSION_EXPIRED|RESOURCE_FORBIDDEN|RESOURCE_NOT_FOUND|VALIDATION_FAILED|IDEMPOTENCY_CONFLICT,,P1,06-api-requirements.md
API-084,POST,/import-jobs/{import_job_id}/convert-to-draft,convertImportToSkillDraft,Skills,INT-096,skill.import,sync,required,,AUTH_SESSION_EXPIRED|RESOURCE_FORBIDDEN|RESOURCE_NOT_FOUND|VALIDATION_FAILED|IDEMPOTENCY_CONFLICT,,P0,06-api-requirements.md
API-085,POST,/skill-drafts/{skill_draft_id}/validation-runs,createValidationRun,Skills,INT-090|INT-102|INT-105,skill.validate,async,required,,AUTH_SESSION_EXPIRED|RESOURCE_FORBIDDEN|RESOURCE_NOT_FOUND|VALIDATION_FAILED|IDEMPOTENCY_CONFLICT|INSUFFICIENT_QUOTA|DEPENDENCY_UNAVAILABLE,events/event.schema.json,P0,06-api-requirements.md
API-086,GET,/validation-runs/{validation_run_id},getValidationRun,Skills,INT-090|INT-102|INT-105,skill.validate,sync,none,,AUTH_SESSION_EXPIRED|RESOURCE_FORBIDDEN|RESOURCE_NOT_FOUND,,P0,06-api-requirements.md
API-087,GET,/validation-runs/{validation_run_id}/events,streamValidationRunEvents,Skills,INT-090|INT-102|INT-105,skill.validate,sse,none,,AUTH_SESSION_EXPIRED|RESOURCE_FORBIDDEN|RESOURCE_NOT_FOUND|EVENT_CURSOR_EXPIRED|DEPENDENCY_UNAVAILABLE,events/event.schema.json,P0,06-api-requirements.md
API-088,POST,/skill-drafts/{skill_draft_id}/test-sets,createSkillTestSet,Skills,INT-103,skill.validate,sync,required,,AUTH_SESSION_EXPIRED|RESOURCE_FORBIDDEN|RESOURCE_NOT_FOUND|VALIDATION_FAILED|IDEMPOTENCY_CONFLICT,,P1,06-api-requirements.md
API-089,GET,/validation-runs/{validation_run_id}/review-items/{review_item_id},getValidationReviewItem,Skills,INT-104,skill.validate,sync,none,,AUTH_SESSION_EXPIRED|RESOURCE_FORBIDDEN|RESOURCE_NOT_FOUND,,P1,06-api-requirements.md
API-090,POST,/skill-drafts/{skill_draft_id}/publish-check,checkSkillPublishReadiness,Skills,INT-106,skill.publish,sync,required,,AUTH_SESSION_EXPIRED|RESOURCE_FORBIDDEN|RESOURCE_NOT_FOUND|VALIDATION_FAILED|IDEMPOTENCY_CONFLICT,,P0,06-api-requirements.md
API-091,GET,/skill-drafts/{skill_draft_id}/eligible-state-drafts,listEligibleStateDrafts,Skills,INT-107,skill.publish,sync,none,,AUTH_SESSION_EXPIRED|RESOURCE_FORBIDDEN|RESOURCE_NOT_FOUND,,P1,06-api-requirements.md
API-092,PATCH,/skill-drafts/{skill_draft_id}/publish-settings,updateSkillPublishSettings,Skills,INT-109,skill.publish,sync,none,,AUTH_SESSION_EXPIRED|RESOURCE_FORBIDDEN|RESOURCE_NOT_FOUND|VALIDATION_FAILED|REVISION_CONFLICT,,P1,06-api-requirements.md
API-093,POST,/skill-drafts/{skill_draft_id}/publish,publishSkillDraft,Skills,INT-110,skill.publish|state.skill_mount.manage,sync,required,skill.published|skill.mounted,AUTH_SESSION_EXPIRED|RESOURCE_FORBIDDEN|RESOURCE_NOT_FOUND|VALIDATION_FAILED|REVISION_CONFLICT|IDEMPOTENCY_CONFLICT,,P0,06-api-requirements.md
API-094,POST,/skill-drafts/{skill_draft_id}/exportable-versions,createExportableSkillVersion,Skills,INT-111,skill.export,sync,required,,AUTH_SESSION_EXPIRED|RESOURCE_FORBIDDEN|RESOURCE_NOT_FOUND|VALIDATION_FAILED|IDEMPOTENCY_CONFLICT|EXPORT_FORMAT_UNAVAILABLE|EXPORT_FAILED,,P1,06-api-requirements.md
API-095,GET,/skill-versions/{skill_version_id}/diff,getSkillVersionDiff,Skills,INT-114,skill.diff.read,sync,none,,AUTH_SESSION_EXPIRED|RESOURCE_FORBIDDEN|RESOURCE_NOT_FOUND,,P1,06-api-requirements.md
API-096,POST,/skill-versions/{skill_version_id}/mounts,createSkillVersionMount,Skills,INT-115,skill.mount|state.skill_mount.manage,sync,required,skill.mounted,AUTH_SESSION_EXPIRED|RESOURCE_FORBIDDEN|RESOURCE_NOT_FOUND|VALIDATION_FAILED|REVISION_CONFLICT|IDEMPOTENCY_CONFLICT,,P0,06-api-requirements.md
API-097,POST,/test-drafts,createTestDraft,StateTests,INT-116|INT-135,state.test.run,sync,required,,AUTH_SESSION_EXPIRED|RESOURCE_FORBIDDEN|RESOURCE_NOT_FOUND|VALIDATION_FAILED|IDEMPOTENCY_CONFLICT,,P0,06-api-requirements.md
API-098,GET,/test-drafts/{test_draft_id},getTestDraft,StateTests,INT-116,state.test.run,sync,none,,AUTH_SESSION_EXPIRED|RESOURCE_FORBIDDEN|RESOURCE_NOT_FOUND,,P0,06-api-requirements.md
API-099,POST,/test-drafts/{test_draft_id}/sources,addTestDraftSource,StateTests,INT-118|INT-119,state.test.run,async,required,,AUTH_SESSION_EXPIRED|RESOURCE_FORBIDDEN|RESOURCE_NOT_FOUND|VALIDATION_FAILED|IDEMPOTENCY_CONFLICT|INSUFFICIENT_QUOTA|DEPENDENCY_UNAVAILABLE|SOURCE_PARSE_FAILED|SOURCE_UNSAFE,events/event.schema.json,P0,06-api-requirements.md
API-100,POST,/test-runs,createTestRun,StateTests,INT-122|INT-127,state.test.run,async,required,,AUTH_SESSION_EXPIRED|RESOURCE_FORBIDDEN|RESOURCE_NOT_FOUND|VALIDATION_FAILED|IDEMPOTENCY_CONFLICT|INSUFFICIENT_QUOTA|DEPENDENCY_UNAVAILABLE,events/event.schema.json,P0,06-api-requirements.md
API-101,GET,/test-runs/{test_run_id},getTestRun,StateTests,INT-007|INT-062|INT-123,state.test.result.read,sync,none,,AUTH_SESSION_EXPIRED|RESOURCE_FORBIDDEN|RESOURCE_NOT_FOUND,,P0,06-api-requirements.md
API-102,GET,/test-runs/{test_run_id}/events,streamTestRunEvents,StateTests,INT-062|INT-123,state.test.result.read,sse,none,,AUTH_SESSION_EXPIRED|RESOURCE_FORBIDDEN|RESOURCE_NOT_FOUND|EVENT_CURSOR_EXPIRED|DEPENDENCY_UNAVAILABLE,events/event.schema.json,P0,06-api-requirements.md
API-103,GET,/test-runs/{test_run_id}/result,getTestRunResult,StateTests,INT-063|INT-124,state.test.result.read,sync,none,,AUTH_SESSION_EXPIRED|RESOURCE_FORBIDDEN|RESOURCE_NOT_FOUND,,P0,06-api-requirements.md
API-104,GET,/artifacts/{artifact_id}/preview,getArtifactPreview,StateTests,INT-125,artifact.preview|state.test.result.read,sync,none,,AUTH_SESSION_EXPIRED|RESOURCE_FORBIDDEN|RESOURCE_NOT_FOUND|PREVIEW_UNAVAILABLE,,P1,06-api-requirements.md
API-105,POST,/test-runs/{test_run_id}/state-adjustment-draft,createTestStateAdjustmentDraft,StateTests,INT-128,state.test.result.read|state.draft.write,sync,required,,AUTH_SESSION_EXPIRED|RESOURCE_FORBIDDEN|RESOURCE_NOT_FOUND|VALIDATION_FAILED|IDEMPOTENCY_CONFLICT,,P0,06-api-requirements.md
API-106,POST,/artifacts/{artifact_id}/workspace-items,createWorkspaceItemFromArtifact,StateTests,INT-129,artifact.read|workspace.write,sync,required,,AUTH_SESSION_EXPIRED|RESOURCE_FORBIDDEN|RESOURCE_NOT_FOUND|VALIDATION_FAILED|IDEMPOTENCY_CONFLICT,,P0,06-api-requirements.md
API-107,GET,/state-market,getStateMarket,Market,INT-130,state.passport.public.read,sync,none,,AUTH_SESSION_EXPIRED|RESOURCE_FORBIDDEN|RESOURCE_NOT_FOUND,,P0,06-api-requirements.md
API-108,POST,/state-matches,createStateMatch,Market,INT-131|INT-132,state.passport.public.read,async,required,,AUTH_SESSION_EXPIRED|RESOURCE_FORBIDDEN|RESOURCE_NOT_FOUND|VALIDATION_FAILED|IDEMPOTENCY_CONFLICT|INSUFFICIENT_QUOTA|DEPENDENCY_UNAVAILABLE,events/event.schema.json,P0,06-api-requirements.md
API-109,GET,/state-versions/{state_version_id}/market-summary,getStateMarketSummary,Market,INT-133,state.passport.public.read,sync,none,,AUTH_SESSION_EXPIRED|RESOURCE_FORBIDDEN|RESOURCE_NOT_FOUND,,P1,06-api-requirements.md
API-110,GET,/state-versions/{state_version_id}/proof,getStateProof,Market,INT-134,state.passport.public.read,sync,none,,AUTH_SESSION_EXPIRED|RESOURCE_FORBIDDEN|RESOURCE_NOT_FOUND,,P1,06-api-requirements.md
API-111,POST,/sandbox-sessions,createSandboxSession,Market,INT-137,sandbox.create|state.use,async,required,,AUTH_SESSION_EXPIRED|RESOURCE_FORBIDDEN|RESOURCE_NOT_FOUND|VALIDATION_FAILED|IDEMPOTENCY_CONFLICT|INSUFFICIENT_QUOTA|DEPENDENCY_UNAVAILABLE,events/event.schema.json,P0,06-api-requirements.md
API-112,POST,/state-installations,createStateInstallation,Market,INT-138,state.install,sync,required,state.installed,AUTH_SESSION_EXPIRED|RESOURCE_FORBIDDEN|RESOURCE_NOT_FOUND|VALIDATION_FAILED|IDEMPOTENCY_CONFLICT|VERSION_CONFLICT|STATE_NOT_ACTIVATABLE|ALREADY_INSTALLED,,P0,06-api-requirements.md
API-113,POST,/state-installations/{installation_id}/activate,activateStateInstallation,Market,INT-139,state.installation.activate,sync,required,state.activated,AUTH_SESSION_EXPIRED|RESOURCE_FORBIDDEN|RESOURCE_NOT_FOUND|VALIDATION_FAILED|REVISION_CONFLICT|IDEMPOTENCY_CONFLICT|VERSION_CONFLICT|STATE_NOT_ACTIVATABLE,,P0,06-api-requirements.md
API-114,POST,/state-installations/{installation_id}/deactivate,deactivateStateInstallation,Market,INT-139,state.installation.deactivate,sync,required,state.deactivated,AUTH_SESSION_EXPIRED|RESOURCE_FORBIDDEN|RESOURCE_NOT_FOUND|VALIDATION_FAILED|IDEMPOTENCY_CONFLICT|VERSION_CONFLICT|STATE_NOT_ACTIVATABLE,,P1,06-api-requirements.md
API-115,DELETE,/state-installations/{installation_id},deleteStateInstallation,Market,INT-139,state.installation.delete,sync,required,state.uninstalled,AUTH_SESSION_EXPIRED|RESOURCE_FORBIDDEN|RESOURCE_NOT_FOUND|VALIDATION_FAILED|IDEMPOTENCY_CONFLICT|VERSION_CONFLICT|STATE_NOT_ACTIVATABLE,,P1,06-api-requirements.md
API-116,GET,/states/{state_id}/ledger,getStateLedger,Ledger,INT-140|INT-141,state.ledger.read,sync,none,,AUTH_SESSION_EXPIRED|RESOURCE_FORBIDDEN|RESOURCE_NOT_FOUND,,P1,06-api-requirements.md
API-117,GET,/state-versions/{state_version_id},getStateVersion,Ledger,INT-142,state.ledger.read,sync,none,,AUTH_SESSION_EXPIRED|RESOURCE_FORBIDDEN|RESOURCE_NOT_FOUND,,P1,06-api-requirements.md
API-118,GET,/state-versions/{state_version_id}/diff/{other_version_id},getStateVersionDiff,Ledger,INT-143,state.ledger.read,async,none,,AUTH_SESSION_EXPIRED|RESOURCE_FORBIDDEN|RESOURCE_NOT_FOUND|INSUFFICIENT_QUOTA|DEPENDENCY_UNAVAILABLE,events/event.schema.json,P1,06-api-requirements.md
API-119,POST,/states/{state_id}/branches,createStateBranch,Ledger,INT-144,state.version.branch,sync,required,state.branched,AUTH_SESSION_EXPIRED|RESOURCE_FORBIDDEN|RESOURCE_NOT_FOUND|VALIDATION_FAILED|IDEMPOTENCY_CONFLICT,,P1,06-api-requirements.md
API-120,POST,/states/{state_id}/restores,restoreStateVersion,Ledger,INT-145,state.version.restore,sync,required,state.restored,AUTH_SESSION_EXPIRED|RESOURCE_FORBIDDEN|RESOURCE_NOT_FOUND|VALIDATION_FAILED|REVISION_CONFLICT|IDEMPOTENCY_CONFLICT,,P0,06-api-requirements.md
API-121,GET,/states/{state_id}/evolution,getStateEvolution,Ledger,INT-146,state.ledger.read,sync,none,,AUTH_SESSION_EXPIRED|RESOURCE_FORBIDDEN|RESOURCE_NOT_FOUND,,P2,06-api-requirements.md
API-122,GET,/states/{state_id}/timeline,getStateTimeline,Ledger,INT-147,state.ledger.read,sync,none,,AUTH_SESSION_EXPIRED|RESOURCE_FORBIDDEN|RESOURCE_NOT_FOUND,,P1,06-api-requirements.md
API-123,POST,/uploads,createUploadSession,Uploads,INT-013|INT-043|INT-093|INT-118,upload.create|parent_resource.write,sync,required,,AUTH_SESSION_EXPIRED|RESOURCE_FORBIDDEN|RESOURCE_NOT_FOUND|VALIDATION_FAILED|IDEMPOTENCY_CONFLICT|UPLOAD_TOO_LARGE|UPLOAD_UNSUPPORTED_TYPE|UPLOAD_EXPIRED|UPLOAD_INCOMPLETE|UPLOAD_CHECKSUM_MISMATCH|MALWARE_DETECTED,,P0,06-api-requirements.md
API-124,POST,/uploads/{upload_id}/complete,completeUploadSession,Uploads,INT-013|INT-043|INT-093|INT-118,upload.create|parent_resource.write,async,required,upload.malware_blocked,AUTH_SESSION_EXPIRED|RESOURCE_FORBIDDEN|RESOURCE_NOT_FOUND|VALIDATION_FAILED|IDEMPOTENCY_CONFLICT|INSUFFICIENT_QUOTA|DEPENDENCY_UNAVAILABLE|UPLOAD_TOO_LARGE|UPLOAD_UNSUPPORTED_TYPE|UPLOAD_EXPIRED|UPLOAD_INCOMPLETE|UPLOAD_CHECKSUM_MISMATCH|MALWARE_DETECTED,events/event.schema.json,P0,06-api-requirements.md
API-125,GET,/sources/{source_id},getSource,Uploads,INT-043|INT-044|INT-071|INT-093|INT-118|INT-119,source.read|parent_resource.read,sync,none,,AUTH_SESSION_EXPIRED|RESOURCE_FORBIDDEN|RESOURCE_NOT_FOUND|SOURCE_PARSE_FAILED|SOURCE_UNSAFE,,P0,06-api-requirements.md
API-126,POST,/sources/{source_id}/retry-parse,retrySourceParse,Uploads,INT-043|INT-044|INT-071|INT-093|INT-118|INT-119,source.write|parent_resource.write,async,required,,AUTH_SESSION_EXPIRED|RESOURCE_FORBIDDEN|RESOURCE_NOT_FOUND|VALIDATION_FAILED|IDEMPOTENCY_CONFLICT|INSUFFICIENT_QUOTA|DEPENDENCY_UNAVAILABLE|SOURCE_PARSE_FAILED|SOURCE_UNSAFE,events/event.schema.json,P1,06-api-requirements.md
API-127,GET,/operations/{operation_id}/events,streamOperationEvents,Monitor,INT-037|INT-048|INT-068|INT-092|INT-093|INT-113|INT-131,operation.parent.read,sse,none,,AUTH_SESSION_EXPIRED|RESOURCE_FORBIDDEN|RESOURCE_NOT_FOUND|EVENT_CURSOR_EXPIRED|DEPENDENCY_UNAVAILABLE,events/event.schema.json,P1,06-api-requirements.md
API-128,GET,/runtime/events,streamRuntimeEvents,Monitor,INT-006,resource.read,sse,none,,AUTH_SESSION_EXPIRED|RESOURCE_FORBIDDEN|RESOURCE_NOT_FOUND|EVENT_CURSOR_EXPIRED|DEPENDENCY_UNAVAILABLE,events/event.schema.json,P1,06-api-requirements.md
