event_type,schema_version,family,payload_schema,resource_types,terminal,sensitivity,source_document
operation.queued,1,operation,events/common/operation-queued.schema.json,task_run|test_run|validation_run|import_job|export_job|response_run|generation_job,false,internal,07-realtime-and-async-events.md
operation.started,1,operation,events/common/operation-started.schema.json,task_run|test_run|validation_run|import_job|export_job|response_run|generation_job,false,internal,07-realtime-and-async-events.md
operation.stage_changed,1,operation,events/common/operation-stage-changed.schema.json,task_run|test_run|validation_run|import_job|export_job|response_run|generation_job,false,internal,07-realtime-and-async-events.md
operation.progress,1,operation,events/common/operation-progress.schema.json,task_run|test_run|validation_run|import_job|export_job|response_run|generation_job,false,internal,07-realtime-and-async-events.md
operation.log,1,operation,events/common/operation-log.schema.json,task_run|test_run|validation_run|import_job|export_job|response_run|generation_job,false,sensitive,07-realtime-and-async-events.md
artifact.created,1,operation,events/common/artifact-created.schema.json,task_run|test_run|validation_run,false,sensitive,07-realtime-and-async-events.md
operation.succeeded,1,operation,events/common/operation-succeeded.schema.json,task_run|test_run|validation_run|import_job|export_job|response_run|generation_job,true,internal,07-realtime-and-async-events.md
operation.failed,1,operation,events/common/operation-failed.schema.json,task_run|test_run|validation_run|import_job|export_job|response_run|generation_job,true,sensitive,07-realtime-and-async-events.md
operation.cancelled,1,operation,events/common/operation-cancelled.schema.json,task_run|test_run|validation_run|import_job|export_job|response_run|generation_job,true,internal,07-realtime-and-async-events.md
operation.timed_out,1,operation,events/common/operation-timed-out.schema.json,task_run|test_run|validation_run|import_job|export_job|response_run|generation_job,true,internal,07-realtime-and-async-events.md
task.stage_started,1,task,events/task/stage-started.schema.json,task_run,false,internal,07-realtime-and-async-events.md
task.stage_completed,1,task,events/task/stage-completed.schema.json,task_run,false,internal,07-realtime-and-async-events.md
task.stage_skipped,1,task,events/task/stage-skipped.schema.json,task_run,false,internal,07-realtime-and-async-events.md
task.checkpoint_saved,1,task,events/task/checkpoint-saved.schema.json,task_run,false,internal,07-realtime-and-async-events.md
task.metric_updated,1,task,events/task/metric-updated.schema.json,task_run,false,internal,07-realtime-and-async-events.md
test.stage_started,1,test,events/test/stage-started.schema.json,test_run,false,internal,07-realtime-and-async-events.md
test.stage_completed,1,test,events/test/stage-completed.schema.json,test_run,false,internal,07-realtime-and-async-events.md
test.metric_updated,1,test,events/test/metric-updated.schema.json,test_run,false,internal,07-realtime-and-async-events.md
test.takeaway_created,1,test,events/test/takeaway-created.schema.json,test_run,false,internal,07-realtime-and-async-events.md
test.result_created,1,test,events/test/result-created.schema.json,test_run,false,internal,07-realtime-and-async-events.md
validation.test_started,1,validation,events/validation/test-started.schema.json,validation_run,false,internal,07-realtime-and-async-events.md
validation.test_completed,1,validation,events/validation/test-completed.schema.json,validation_run,false,internal,07-realtime-and-async-events.md
validation.counters_updated,1,validation,events/validation/counters-updated.schema.json,validation_run,false,internal,07-realtime-and-async-events.md
validation.metric_updated,1,validation,events/validation/metric-updated.schema.json,validation_run,false,internal,07-realtime-and-async-events.md
validation.review_item_created,1,validation,events/validation/review-item-created.schema.json,validation_run,false,sensitive,07-realtime-and-async-events.md
validation.summary_created,1,validation,events/validation/summary-created.schema.json,validation_run,false,internal,07-realtime-and-async-events.md
import.source_read,1,import,events/import/source-read.schema.json,import_job,false,sensitive,07-realtime-and-async-events.md
import.check_started,1,import,events/import/check-started.schema.json,import_job,false,internal,07-realtime-and-async-events.md
import.check_completed,1,import,events/import/check-completed.schema.json,import_job,false,sensitive,07-realtime-and-async-events.md
import.capability_detected,1,import,events/import/capability-detected.schema.json,import_job,false,internal,07-realtime-and-async-events.md
import.readiness_updated,1,import,events/import/readiness-updated.schema.json,import_job,false,internal,07-realtime-and-async-events.md
import.ready,1,import,events/import/ready.schema.json,import_job,true,internal,07-realtime-and-async-events.md
import.needs_review,1,import,events/import/needs-review.schema.json,import_job,true,sensitive,07-realtime-and-async-events.md
export.render_started,1,export,events/export/render-started.schema.json,export_job,false,internal,07-realtime-and-async-events.md
export.file_processed,1,export,events/export/file-processed.schema.json,export_job,false,sensitive,07-realtime-and-async-events.md
export.package_created,1,export,events/export/package-created.schema.json,export_job,false,sensitive,07-realtime-and-async-events.md
export.file_ready,1,export,events/export/file-ready.schema.json,export_job,true,sensitive,07-realtime-and-async-events.md
export.failed,1,export,events/export/failed.schema.json,export_job,true,sensitive,07-realtime-and-async-events.md
reply.started,1,reply,events/reply/started.schema.json,conversation,false,internal,07-realtime-and-async-events.md
reply.delta,1,reply,events/reply/delta.schema.json,conversation,false,sensitive,07-realtime-and-async-events.md
reply.citation_added,1,reply,events/reply/citation-added.schema.json,conversation,false,sensitive,07-realtime-and-async-events.md
reply.tool_status,1,reply,events/reply/tool-status.schema.json,conversation,false,internal,07-realtime-and-async-events.md
reply.completed,1,reply,events/reply/completed.schema.json,conversation,true,sensitive,07-realtime-and-async-events.md
reply.failed,1,reply,events/reply/failed.schema.json,conversation,true,sensitive,07-realtime-and-async-events.md
monitor.snapshot,1,monitor,events/monitor/snapshot.schema.json,state,false,sensitive,07-realtime-and-async-events.md
monitor.health_changed,1,monitor,events/monitor/health-changed.schema.json,state,false,internal,07-realtime-and-async-events.md
monitor.usage_changed,1,monitor,events/monitor/usage-changed.schema.json,state,false,sensitive,07-realtime-and-async-events.md
monitor.api_changed,1,monitor,events/monitor/api-changed.schema.json,state,false,sensitive,07-realtime-and-async-events.md
monitor.activity_created,1,monitor,events/monitor/activity-created.schema.json,state,false,sensitive,07-realtime-and-async-events.md
monitor.log,1,monitor,events/monitor/log.schema.json,state,false,sensitive,07-realtime-and-async-events.md
monitor.connection_state,1,monitor,events/monitor/connection-state.schema.json,state,false,internal,07-realtime-and-async-events.md
runtime.connection_changed,1,runtime,events/runtime/connection-changed.schema.json,runtime,false,internal,07-realtime-and-async-events.md
runtime.autosave_started,1,runtime,events/runtime/autosave-started.schema.json,runtime,false,internal,07-realtime-and-async-events.md
runtime.autosave_succeeded,1,runtime,events/runtime/autosave-succeeded.schema.json,runtime,false,internal,07-realtime-and-async-events.md
runtime.autosave_failed,1,runtime,events/runtime/autosave-failed.schema.json,runtime,false,sensitive,07-realtime-and-async-events.md
runtime.revision_changed,1,runtime,events/runtime/revision-changed.schema.json,runtime,false,internal,07-realtime-and-async-events.md
