"编号","Page ID","模块","Figma 页面名称","页面/交互状态","建议交付状态","后端依赖","交付备注"
"001","2003:38","Home 与对话","home","主 Monitor/Home","候选正式稿","是","用户拥有 State 后每次进入 APP 的默认页面；加载 Current State、状态摘要、监控摘要和用户信息"
"002","287:636","Home 与对话","home点击status","Status 入口展开/跳转","交互状态","是","与 001 共用页面逻辑，补充状态详情接口"
"003","503:1178","State 生态与治理","state status 详情","Monitor 详情","候选正式稿","是","Token、健康度、API 使用量和实时日志"
"004","287:713","Home 与对话","home点击current state","Current State 入口展开","交互状态","是","与 001 共用，获取当前 State 摘要"
"005","219:2","Home 与对话","home点击current state详情","Current State 详情","候选正式稿","是","State、版本、Skills、健康度和操作权限"
"006","281:373","Home 与对话","home点击人模对话","对话入口打开","交互状态","部分","打开动作属前端，消息数据依赖后端"
"007","7:102","Home 与对话","home对话","对话默认态","候选正式稿","是","会话、消息历史、流式回复和附件"
"008","100:166","Home 与对话","home对话发送后","消息已发送/回复中","交互状态","是","需要消息发送、流式回复和失败重试"
"009","2011:503","Home 与对话","home对话 查看对话记录","历史记录","候选正式稿","是","会话列表、分页、搜索和记录详情"
"010","416:745","Home 与对话","home对话hover导出对话记录","导出/分享 Hover 操作态","交互状态","部分","Hover 属前端；后端提供分享链接和当前支持的多格式导出列表"
"011","7:106","工作区与任务","工作区","任务输入/编辑","候选正式稿","是","Goal、Sources、Context、草稿保存和启动任务"
"012","493:469","工作区与任务","工作区 等待中","Task 运行中","交互状态","是","任务状态、阶段进度、日志和取消/重试"
"013","502:659","工作区与任务","工作区 任务完成后","Task 完成基础态","交互状态","是","与 014 属同一正式完成页；展示结果、Artifacts 和评分"
"014","503:728","工作区与任务","工作区 任务完成后 按钮全显示","Task 完成完整按钮态","候选正式稿","是","正式完成页的完整操作状态；后端动作以本页按钮集合为准"
"015","503:796","State Lab","preacherman lab (adjust state)","调整 State","候选正式稿","是","修改 Skills；Save & Re-test 保存 Draft 后立即创建 TestRun"
"016","112:213","State Lab","preacherman lab","Lab 主界面","候选正式稿","是","State 配置、能力分析和测试入口"
"017","412:382","State Lab","preacherman lab 2","Lab 正式页面 2","候选正式稿","是","产品已确认保留为正式页面并进入前后端交付范围"
"018","412:564","State Lab","preacherman lab 2 hover","Hover 状态","交互状态","部分","仅保留交互差异，不作为独立后端页面"
"019","7:103","State Lab","preacherman lab (create state)平台推荐skills","创建 State/推荐 Skill","候选正式稿","是","推荐 Skill、State Draft 和能力组合"
"020","2007:120","State Lab","preacherman lab (create state) 外部导入skills","创建 State/外部导入","候选正式稿","是","文件/GitHub 导入、扫描和权限校验"
"021","250:2","State Test","state test hover前","Test 设置默认态","候选正式稿","是","任务描述、Context、测试模式和启动测试"
"022","493:373","State Test","state test  hover后","Hover 状态","交互状态","部分","与 021 合并，Hover 由前端实现"
"023","487:195","State Test","state test  等待界面","Test 运行中","交互状态","是","测试阶段、进度、日志和实时指标"
"024","487:286","State Test","state test  完成界面","Test 完成","候选正式稿","是","测试结果、评分、Artifacts 和重新测试"
"025","166:232","Skills 生命周期","preacherman lab skills页面","Skills 默认页","候选正式稿","是","Skill 列表、版本、状态和筛选"
"026","112:2","Skills 生命周期","preacherman lab skills页面 空白创建1","Blank Skill 正式步骤 1","候选正式稿","是","空白创建正式流程第 1 步；初始化 SkillDraft"
"027","344:496","Skills 生命周期","preacherman lab skills页面 空白创建2","Blank Skill 正式步骤 2","候选正式稿","是","空白创建正式流程第 2 步；保存同一 SkillDraft"
"028","344:1158","Skills 生命周期","preacherman lab skills页面 空白创建3","Blank Skill 正式步骤 3","候选正式稿","是","空白创建正式流程第 3 步；保存同一 SkillDraft"
"029","352:1992","Skills 生命周期","preacherman lab skills页面 空白创建4","Blank Skill 正式步骤 4","候选正式稿","是","空白创建正式流程第 4 步；保存同一 SkillDraft"
"030","352:3019","Skills 生命周期","preacherman lab skills页面 空白创建5","Blank Skill 正式步骤 5","候选正式稿","是","空白创建正式流程第 5 步；完成 SkillDraft 创建"
"031","166:3","Skills 生命周期","preacherman lab skills页面 开发者模式","Developer Mode","候选正式稿","是","Skill 源文件、配置、调试、保存和权限"
"032","166:399","Skills 生命周期","preacherman lab skills页面 重构1","Import Skill","候选正式稿","是","外部仓库/文件导入、检查和 Readiness"
"033","363:2","Skills 生命周期","preacherman lab skills页面 重构2","Configure Skill","候选正式稿","是","版本、Capabilities、Behavior 和 Draft"
"034","393:2","Skills 生命周期","preacherman lab skills页面 重构3","Validate Skill","候选正式稿","是","Test Sets、性能对比和 Review Items"
"035","436:2","Skills 生命周期","preacherman lab skills页面 重构5","Publish Skill","候选正式稿","是","发布版本、挂载 State、激活和回滚"
"036","393:204","Skills 生命周期","preacherman lab skills页面 重构导出","导出/发布结果","候选正式稿","是","生成分享链接，或按后端返回的支持格式导出 Skill 包"
"037","334:28","Skills 生命周期","preacherman lab skills页面 导入验证","导入验证状态 1","交互状态","是","导入检查、错误项和重试"
"038","2007:338","Skills 生命周期","preacherman lab skills页面 导入验证 2","导入验证状态 2","探索稿/待确认","是","与 037 比较后确定保留版本"
"039","7:104","Skills 生命周期","skills test","Skill 测试","候选正式稿","是","Skill 测试输入、运行和结果"
"040","7:105","State 生态与治理","state gallery","State Gallery/Market","候选正式稿","是","搜索、筛选、推荐、安装和版本信息"
"041","7:107","State 生态与治理","state passport","State Passport","候选正式稿","是","State 身份、能力、权限、验证和安装；安装后保持未激活，用户在 Lab 手动激活"
"042","7:108","State 生态与治理","state ledger","State Ledger","候选正式稿","是","版本历史、分支、恢复、对比和时间线"
"043","514:2","State 生态与治理","state status","Monitor 详细视图","候选正式稿","是","从 SCR-001 主 Monitor/Home 进入；展示实时健康度、Token、API、日志和活动"
"044","2014:6","State 生态与治理","state status 2","Monitor 第二方案/详情","探索稿/待确认","是","与 003、043 比较并确定最终结构"
"045","166:601","Skills 生命周期","preacherman lab skills页面 5","废页","归档/不交付","否","产品确认废弃，不开发、不对接、不验收"
"046","166:799","Skills 生命周期","preacherman lab skills页面 6","废页","归档/不交付","否","产品确认废弃，不开发、不对接、不验收"
"047","189:1031","Skills 生命周期","preacherman lab skills页面 7","废页","归档/不交付","否","产品确认废弃，不开发、不对接、不验收"
"048","189:1262","Skills 生命周期","preacherman lab skills页面 8","废页","归档/不交付","否","产品确认废弃，不开发、不对接、不验收"
"049","189:1612","Skills 生命周期","preacherman lab skills页面 9","废页","归档/不交付","否","产品确认废弃，不开发、不对接、不验收"
"050","7:2","登录与引导","Page 1 欢迎页","Welcome","候选正式稿","部分","页面主要由前端完成，可检查登录 Session"
"051","0:1","登录与引导","page 2 登录页","Login","候选正式稿","是","登录、Session、错误次数和找回密码"
"052","1:3","登录与引导","Page 3 账号创建页","Sign Up","候选正式稿","是","注册、验证码、协议和账号冲突校验"
"053","7:98","登录与引导","Page 4 完善个人信息页","Profile Setup","候选正式稿","是","用户资料、头像和偏好保存"
"054","7:101","登录与引导","Page 5 APP首页","Onboarding 完成/Home","候选正式稿","是","初始化用户数据和首页摘要"
"055","94:2","工作区与任务","工作区 任务完成后","废稿","归档/不交付","否","产品确认不采纳；不开发、不对接、不验收"
