"交互ID","流程编号","页面编号","Figma页面名称","用户角色","触发控件/用户动作","触发方式","交互类型","后端依赖","后端能力建议","主要输入","前端即时反馈","成功响应/数据","成功后页面/状态","失败状态与恢复","Loading状态","Empty状态","权限/校验","幂等/实时要求","优先级","产品状态","备注/待确认"
"INT-001","GLOBAL","SCR-001","home","已登录用户","点击左侧主导航项目","点击","导航+查询 API","部分","按目标页面加载首屏数据","route, current_state_id","立即切换导航选中态并显示目标页骨架屏","目标页面首屏数据","进入目标模块","保留当前输入，显示明确错误并允许重试","骨架屏、行内进度或按钮 Loading，不阻塞无关区域","无数据时显示空状态与下一步入口","校验登录 Session 和目标资源权限","-","P0","前端固定",""
"INT-002","GLOBAL","SCR-001","home","已登录用户","点击通知铃铛","点击","查询 API","是","获取未读通知列表","cursor, unread_only","显示 Loading；提交类控件暂时禁用","通知列表、未读数量","打开通知面板","保留当前输入，显示明确错误并允许重试","骨架屏、行内进度或按钮 Loading，不阻塞无关区域","显示“暂无通知”","校验登录 Session 和目标资源权限","写入操作携带幂等键","P2","流程草案",""
"INT-003","GLOBAL","SCR-001","home","已登录用户","点击个人头像/菜单","点击","前端本地","否","无","-","立即更新本地界面状态","-","展开个人菜单","-","无","无数据时显示空状态与下一步入口","校验登录 Session 和目标资源权限","-","P2","前端固定",""
"INT-004","GLOBAL","SCR-001","home","已登录用户","点击退出登录","点击","认证 API","是","注销 Session","session_id","显示 Loading；提交类控件暂时禁用","Session 已失效","进入 SCR-051","保留当前输入，显示明确错误并允许重试","骨架屏、行内进度或按钮 Loading，不阻塞无关区域","无数据时显示空状态与下一步入口","校验登录 Session 和目标资源权限","同一账号其他连接按安全策略失效","P0","流程草案",""
"INT-005","GLOBAL","SCR-001","home","已登录用户","点击页面返回按钮","点击","前端本地","否","无","来源路由","立即更新本地界面状态","-","返回上一有效页面","-","无","无数据时显示空状态与下一步入口","校验登录 Session 和目标资源权限","-","P2","前端固定",""
"INT-006","GLOBAL","SCR-001","home","已登录用户","查看 Live/Autosave 状态","页面加载/状态变化","查询+实时事件","是","获取连接和自动保存状态","resource_id","显示 Loading；提交类控件暂时禁用","live, autosaved_at, connection_state","状态指示器更新","保留当前输入，显示明确错误并允许重试","骨架屏、行内进度或按钮 Loading，不阻塞无关区域","无数据时显示空状态与下一步入口","校验登录 Session 和目标资源权限","实时推送；断线显示 Reconnecting；恢复后补拉最新状态","P1","流程草案",""
"INT-007","GLOBAL","SCR-001","home","已登录用户","页面刷新后恢复异步任务","页面刷新","恢复 API","是","按 Run ID 恢复 TaskRun/TestRun","run_id","显示 Loading；提交类控件暂时禁用","run_status, progress, events","回到刷新前进度","保留当前输入，显示明确错误并允许重试","骨架屏、行内进度或按钮 Loading，不阻塞无关区域","无数据时显示空状态与下一步入口","校验登录 Session 和目标资源权限","不得新建重复 Run；恢复后继续订阅","P0","流程草案",""
"INT-008","FLOW-01","SCR-050","Page 1 欢迎页","访客/新用户/已有用户","打开应用并检查登录状态","应用启动","认证查询","是","校验 Session","session_token","显示 Loading；提交类控件暂时禁用","用户信息或未登录状态","有效则 SCR-054；无效则 SCR-051","保留当前输入，显示明确错误并允许重试","骨架屏、行内进度或按钮 Loading，不阻塞无关区域","无数据时显示空状态与下一步入口","公开页面；提交时校验账号规则","只校验，不创建新 Session","P0","流程草案",""
"INT-009","FLOW-01","SCR-050","Page 1 欢迎页","访客/新用户/已有用户","选择登录","点击","前端导航","否","无","-","立即更新本地界面状态","-","进入 SCR-051","-","无","无数据时显示空状态与下一步入口","公开页面；提交时校验账号规则","-","P0","前端固定",""
"INT-010","FLOW-01","SCR-051","page 2 登录页","访客/新用户/已有用户","输入邮箱和密码并提交","点击","认证写入","是","账号登录并创建 Session","email, password, device_info","显示 Loading；提交类控件暂时禁用","session, user_profile","进入 SCR-054","账号或密码错误时保留邮箱，密码字段清空并允许重试","骨架屏、行内进度或按钮 Loading，不阻塞无关区域","无数据时显示空状态与下一步入口","公开页面；提交时校验账号规则","限制重复尝试；防暴力破解","P0","流程草案",""
"INT-011","FLOW-01","SCR-051","page 2 登录页","访客/新用户/已有用户","点击 Sign up","点击","前端导航","否","无","-","立即更新本地界面状态","-","进入 SCR-052","-","无","无数据时显示空状态与下一步入口","公开页面；提交时校验账号规则","-","P1","前端固定",""
"INT-012","FLOW-01","SCR-052","Page 3 账号创建页","访客/新用户/已有用户","填写信息并创建账号","点击","认证写入","是","检查账号冲突并创建 User","email, password, agreement_acceptance","显示 Loading；提交类控件暂时禁用","user, session","进入 SCR-053","账号已存在时提示返回登录；其他字段保留","骨架屏、行内进度或按钮 Loading，不阻塞无关区域","无数据时显示空状态与下一步入口","公开页面；提交时校验账号规则","使用请求幂等键，禁止重复账号","P0","流程草案",""
"INT-013","FLOW-01","SCR-053","Page 4 完善个人信息页","访客/新用户/已有用户","上传/选择头像","点击","文件 API","是","上传并生成头像资源","image_file","先显示本地预览，再显示上传进度","avatar_url, asset_id","头像预览更新","上传失败时保留本地预览并允许替换或重试","骨架屏、行内进度或按钮 Loading，不阻塞无关区域","无数据时显示空状态与下一步入口","公开页面；提交时校验账号规则","写入操作携带幂等键","P1","流程草案",""
"INT-014","FLOW-01","SCR-053","Page 4 完善个人信息页","访客/新用户/已有用户","保存姓名、头像和偏好","点击","写入 API","是","保存 Profile","display_name, avatar_id, preferences","显示 Loading；提交类控件暂时禁用","updated_profile","进入 SCR-054","保留当前输入，显示明确错误并允许重试","骨架屏、行内进度或按钮 Loading，不阻塞无关区域","无数据时显示空状态与下一步入口","公开页面；提交时校验账号规则","更新请求携带 profile_version 防止覆盖","P0","流程草案",""
"INT-015","FLOW-01","SCR-054","Page 5 APP首页","访客/新用户/已有用户","完成引导并进入产品","点击","写入+查询 API","是","标记 Onboarding 完成并初始化首页","user_id","显示 Loading；提交类控件暂时禁用","onboarding_completed, home_summary","无 State 时进入创建/安装入口；有 State 时进入 SCR-001","保留当前输入，显示明确错误并允许重试","骨架屏、行内进度或按钮 Loading，不阻塞无关区域","无数据时显示空状态与下一步入口","公开页面；提交时校验账号规则","写入操作携带幂等键","P0","流程草案","SCR-054 是否长期保留为正式 Home 仍待确认"
"INT-016","FLOW-02","SCR-001","home","已登录用户","进入 APP 加载主 Monitor/Home","页面加载","聚合查询","是","获取 Current State、健康度、用量和未读摘要","user_id","显示 Loading；提交类控件暂时禁用","current_state, health, usage, notifications","显示 SCR-001","保留当前输入，显示明确错误并允许重试","骨架屏、行内进度或按钮 Loading，不阻塞无关区域","无数据时显示空状态与下一步入口","校验登录 Session 和目标资源权限","加载后订阅 health/activity 摘要","P0","已确认",""
"INT-017","FLOW-02","SCR-002","home点击status","已登录用户","点击 Status","点击","展开+查询 API","部分","获取最新健康状态摘要","state_id","先更新本地状态；远程数据单独显示进度","health_summary, checked_at","展开 Status 概览","保留当前输入，显示明确错误并允许重试","骨架屏、行内进度或按钮 Loading，不阻塞无关区域","无数据时显示空状态与下一步入口","校验登录 Session 和目标资源权限","-","P1","流程草案",""
"INT-018","FLOW-02","SCR-003","state status 详情","已登录用户","点击查看 Monitor 详情","点击","聚合查询+实时","是","获取 Token、Health、Active APIs、Activity、Logs","state_id, time_range","显示 Loading；提交类控件暂时禁用","monitor_detail","显示 Monitor 详情","保留当前输入，显示明确错误并允许重试","骨架屏、行内进度或按钮 Loading，不阻塞无关区域","无数据时显示空状态与下一步入口","校验登录 Session 和目标资源权限","详情页按 state_id 订阅增量指标","P1","流程草案",""
"INT-019","FLOW-02","SCR-003","state status 详情","已登录用户","返回主 Monitor/Home","点击","取消订阅+导航","部分","停止详情订阅","subscription_id","先更新本地状态；远程数据单独显示进度","取消成功","返回 SCR-001","保留当前输入，显示明确错误并允许重试","骨架屏、行内进度或按钮 Loading，不阻塞无关区域","无数据时显示空状态与下一步入口","校验登录 Session 和目标资源权限","-","P2","前端固定",""
"INT-020","FLOW-02","SCR-004","home点击current state","已登录用户","点击 Current State","点击","查询 API","是","获取当前 State 摘要","current_state_id","显示 Loading；提交类控件暂时禁用","state_summary","展开 Current State 摘要","保留当前输入，显示明确错误并允许重试","骨架屏、行内进度或按钮 Loading，不阻塞无关区域","无数据时显示空状态与下一步入口","校验登录 Session 和目标资源权限","写入操作携带幂等键","P1","流程草案",""
"INT-021","FLOW-02","SCR-005","home点击current state详情","已登录用户","点击详情/Passport","点击","查询 API","是","获取 State 版本、Skills、权限和健康度","state_id","显示 Loading；提交类控件暂时禁用","state_detail","显示 SCR-005","保留当前输入，显示明确错误并允许重试","骨架屏、行内进度或按钮 Loading，不阻塞无关区域","无数据时显示空状态与下一步入口","校验登录 Session 和目标资源权限","写入操作携带幂等键","P1","流程草案",""
"INT-022","FLOW-02","SCR-005","home点击current state详情","已登录用户","点击 Mount Skill","点击","导航+查询 API","部分","加载可挂载 Skill 和权限","state_id","先更新本地状态；远程数据单独显示进度","available_skills","进入 Skill 挂载流程","保留当前输入，显示明确错误并允许重试","骨架屏、行内进度或按钮 Loading，不阻塞无关区域","无数据时显示空状态与下一步入口","校验登录 Session 和目标资源权限","-","P1","流程草案",""
"INT-023","FLOW-02","SCR-005","home点击current state详情","已登录用户","点击 Edit State","点击","导航+查询 API","部分","加载可编辑 State Draft","state_id","先更新本地状态；远程数据单独显示进度","state_draft, permissions","进入 SCR-015/SCR-016","保留当前输入，显示明确错误并允许重试","骨架屏、行内进度或按钮 Loading，不阻塞无关区域","无数据时显示空状态与下一步入口","校验登录 Session 和目标资源权限","-","P0","流程草案",""
"INT-024","FLOW-02","SCR-005","home点击current state详情","已登录用户","点击 View Passport/Profile","点击","查询 API","是","获取 State Passport","state_id, version_id","显示 Loading；提交类控件暂时禁用","passport","显示 Passport 详情","保留当前输入，显示明确错误并允许重试","骨架屏、行内进度或按钮 Loading，不阻塞无关区域","无数据时显示空状态与下一步入口","校验登录 Session 和目标资源权限","写入操作携带幂等键","P1","流程草案",""
"INT-025","FLOW-02","SCR-005","home点击current state详情","已登录用户","点击 View Learnings","点击","查询 API","是","分页获取 State Learnings","state_id, cursor","显示 Loading；提交类控件暂时禁用","learning_items","显示 Learnings 列表","保留当前输入，显示明确错误并允许重试","骨架屏、行内进度或按钮 Loading，不阻塞无关区域","显示“尚未积累学习记录”","校验登录 Session 和目标资源权限","写入操作携带幂等键","P2","流程草案",""
"INT-026","FLOW-02","SCR-005","home点击current state详情","已登录用户","进入 State Test","点击","导航+查询 API","部分","加载可测试版本和最近测试","state_id, version_id","先更新本地状态；远程数据单独显示进度","test_defaults","进入 SCR-021","保留当前输入，显示明确错误并允许重试","骨架屏、行内进度或按钮 Loading，不阻塞无关区域","无数据时显示空状态与下一步入口","校验登录 Session 和目标资源权限","-","P1","流程草案",""
"INT-027","FLOW-02","SCR-005","home点击current state详情","已登录用户","进入 State Ledger","点击","导航+查询 API","部分","加载版本与分支摘要","state_id","先更新本地状态；远程数据单独显示进度","ledger_summary","进入 SCR-042","保留当前输入，显示明确错误并允许重试","骨架屏、行内进度或按钮 Loading，不阻塞无关区域","无数据时显示空状态与下一步入口","校验登录 Session 和目标资源权限","-","P1","流程草案",""
"INT-028","FLOW-03","SCR-006","home点击人模对话","Current State 用户","点击人模/对话入口","点击","展开+查询 API","部分","获取最近 Conversation 摘要","state_id","先更新本地状态；远程数据单独显示进度","recent_conversation","显示对话入口状态","保留当前输入，显示明确错误并允许重试","骨架屏、行内进度或按钮 Loading，不阻塞无关区域","无数据时显示空状态与下一步入口","校验登录 Session 和目标资源权限","-","P1","流程草案",""
"INT-029","FLOW-03","SCR-007","home对话","Current State 用户","进入完整对话","点击","查询/创建 API","是","恢复最近 Conversation 或创建新会话","state_id, conversation_id?","显示 Loading；提交类控件暂时禁用","conversation, messages","显示消息历史和输入框","保留当前输入，显示明确错误并允许重试","骨架屏、行内进度或按钮 Loading，不阻塞无关区域","无数据时显示空状态与下一步入口","校验登录 Session 和目标资源权限","写入操作携带幂等键","P0","流程草案","进入时是否总是新建 Conversation 待确认"
"INT-030","FLOW-03","SCR-007","home对话","Current State 用户","输入文字并发送","点击","写入+实时事件","是","保存 Message 并启动 State 回复","conversation_id, text, attachments","显示 Loading；提交类控件暂时禁用","message_id, response_run_id","进入 SCR-008","保留当前输入，显示明确错误并允许重试","骨架屏、行内进度或按钮 Loading，不阻塞无关区域","无数据时显示空状态与下一步入口","校验登录 Session 和目标资源权限","发送使用 client_message_id 幂等；按 response_run_id 接收流式 token","P0","流程草案",""
"INT-031","FLOW-03","SCR-007","home对话","Current State 用户","点击麦克风输入语音","点击","设备能力+文件 API","部分","语音转文字","audio_blob, language","显示录音中、停止和转写状态","transcript","文字回填输入框","转写失败时保留录音并允许重试","骨架屏、行内进度或按钮 Loading，不阻塞无关区域","无数据时显示空状态与下一步入口","校验登录 Session 和目标资源权限","-","P1","流程草案",""
"INT-032","FLOW-03","SCR-008","home对话发送后","Current State 用户","接收 State 流式回复","系统推送","实时事件","是","推送 reply.delta/reply.completed/reply.failed","response_run_id","显示 Loading；提交类控件暂时禁用","reply_chunks, token_usage","回复完成后恢复输入","保留当前输入，显示明确错误并允许重试","骨架屏、行内进度或按钮 Loading，不阻塞无关区域","无数据时显示空状态与下一步入口","校验登录 Session 和目标资源权限","事件有 sequence；断线按 last_event_id 续传","P0","流程草案",""
"INT-033","FLOW-03","SCR-008","home对话发送后","Current State 用户","点击 Continue/Retry","点击","写入+实时事件","是","继续或重新生成中断回复","response_run_id, retry_mode","显示 Loading；提交类控件暂时禁用","new_response_run_id","继续流式回复","保留当前输入，显示明确错误并允许重试","骨架屏、行内进度或按钮 Loading，不阻塞无关区域","无数据时显示空状态与下一步入口","校验登录 Session 和目标资源权限","同一重试请求幂等","P0","流程草案",""
"INT-034","FLOW-03","SCR-009","home对话 查看对话记录","Current State 用户","查看完整对话记录","点击","分页查询","是","获取 Conversation/Message 历史","state_id, cursor, filters","显示 Loading；提交类控件暂时禁用","conversations, messages","显示历史记录","保留当前输入，显示明确错误并允许重试","骨架屏、行内进度或按钮 Loading，不阻塞无关区域","显示“暂无对话记录”","校验登录 Session 和目标资源权限","写入操作携带幂等键","P1","流程草案",""
"INT-035","FLOW-03","SCR-009","home对话 查看对话记录","Current State 用户","搜索/翻页历史记录","点击","分页查询","是","按关键字和游标检索","query, cursor, date_range","显示 Loading；提交类控件暂时禁用","matched_records","更新记录列表","保留当前输入，显示明确错误并允许重试","骨架屏、行内进度或按钮 Loading，不阻塞无关区域","显示无结果并保留搜索词","校验登录 Session 和目标资源权限","写入操作携带幂等键","P2","流程草案",""
"INT-036","FLOW-03","SCR-010","home对话hover导出对话记录","Current State 用户","创建对话分享链接","点击","写入 API","是","创建可撤销的 Share Link","conversation_id, permission, expires_at","显示 Loading；提交类控件暂时禁用","share_url","显示复制链接","保留当前输入，显示明确错误并允许重试","骨架屏、行内进度或按钮 Loading，不阻塞无关区域","无数据时显示空状态与下一步入口","校验登录 Session 和目标资源权限","重复点击返回同一有效链接或明确创建新版本","P1","已确认",""
"INT-037","FLOW-03","SCR-010","home对话hover导出对话记录","Current State 用户","选择格式并导出对话","点击","文件异步任务","是","获取支持格式并生成导出文件","conversation_id, format","显示 Loading；提交类控件暂时禁用","export_job_id, download_url","开始下载或等待生成","保留当前输入，显示明确错误并允许重试","骨架屏、行内进度或按钮 Loading，不阻塞无关区域","无数据时显示空状态与下一步入口","校验登录 Session 和目标资源权限","格式列表由后端返回；生成完成可轮询或推送","P1","已确认",""
"INT-038","FLOW-03","SCR-007","home对话","Current State 用户","点击 Turn into Task","点击","写入 API","是","从会话生成 Task Draft","conversation_id, selected_message_ids","显示 Loading；提交类控件暂时禁用","task_draft_id","进入 SCR-011","保留当前输入，显示明确错误并允许重试","骨架屏、行内进度或按钮 Loading，不阻塞无关区域","无数据时显示空状态与下一步入口","校验登录 Session 和目标资源权限","创建请求携带幂等键","P0","流程草案",""
"INT-039","FLOW-03","SCR-007","home对话","Current State 用户","点击 Summarize/Brainstorm/Help me plan","点击","写入+实时事件","是","发送预设快捷指令","conversation_id, quick_action","显示 Loading；提交类控件暂时禁用","message_id, response_run_id","在当前对话追加回复","保留当前输入，显示明确错误并允许重试","骨架屏、行内进度或按钮 Loading，不阻塞无关区域","无数据时显示空状态与下一步入口","校验登录 Session 和目标资源权限","沿用聊天流式协议","P1","流程草案",""
"INT-040","FLOW-04","SCR-011","工作区","任务创建者","加载由对话生成的 Task Draft","页面加载","查询 API","是","获取 Goal、Sources、Context 和模板建议","task_draft_id","显示 Loading；提交类控件暂时禁用","task_draft","显示可编辑任务","保留当前输入，显示明确错误并允许重试","骨架屏、行内进度或按钮 Loading，不阻塞无关区域","无数据时显示空状态与下一步入口","校验登录 Session 和目标资源权限","写入操作携带幂等键","P0","流程草案",""
"INT-041","FLOW-04","SCR-011","工作区","任务创建者","编辑任务描述/Goal","输入/失焦","本地编辑+自动保存","部分","保存 Task Draft 字段","task_draft_id, goal, description","先更新本地状态；远程数据单独显示进度","draft_version, autosaved_at","保持可编辑","保留当前输入，显示明确错误并允许重试","骨架屏、行内进度或按钮 Loading，不阻塞无关区域","无数据时显示空状态与下一步入口","校验登录 Session 和目标资源权限","防抖保存；使用 draft_version 防覆盖","P0","流程草案",""
"INT-042","FLOW-04","SCR-011","工作区","任务创建者","选择 Templates","点击","查询+应用模板","是","获取并应用任务模板","template_id, task_draft_id","显示 Loading；提交类控件暂时禁用","updated_task_draft","模板内容回填","保留当前输入，显示明确错误并允许重试","骨架屏、行内进度或按钮 Loading，不阻塞无关区域","无数据时显示空状态与下一步入口","校验登录 Session 和目标资源权限","写入操作携带幂等键","P1","流程草案",""
"INT-043","FLOW-04","SCR-011","工作区","任务创建者","上传 Source 文件","点击","文件 API","是","上传并解析 Source","task_draft_id, file","单文件显示独立上传/解析进度","source_id, parse_status","新增 Source 卡片","失败文件可单独移除或重试，不影响其他 Source","骨架屏、行内进度或按钮 Loading，不阻塞无关区域","无数据时显示空状态与下一步入口","校验登录 Session 和目标资源权限","写入操作携带幂等键","P0","流程草案",""
"INT-044","FLOW-04","SCR-011","工作区","任务创建者","粘贴文字/添加链接/连接数据","点击","写入+解析 API","是","创建并解析 Source","task_draft_id, source_type, content_or_url","显示 Loading；提交类控件暂时禁用","source_id, parse_status","新增 Source 卡片","保留当前输入，显示明确错误并允许重试","骨架屏、行内进度或按钮 Loading，不阻塞无关区域","无数据时显示空状态与下一步入口","校验登录 Session 和目标资源权限","写入操作携带幂等键","P1","流程草案",""
"INT-045","FLOW-04","SCR-011","工作区","任务创建者","移除 Source","点击","写入 API","是","从 Draft 解除 Source","task_draft_id, source_id","先二次确认或提供短暂 Undo","updated_source_list","Source 卡片消失","保留当前输入，显示明确错误并允许重试","骨架屏、行内进度或按钮 Loading，不阻塞无关区域","无数据时显示空状态与下一步入口","校验登录 Session 和目标资源权限","删除请求幂等","P1","流程草案",""
"INT-046","FLOW-04","SCR-011","工作区","任务创建者","添加 Context Tag","点击","写入 API","是","保存 Context","task_draft_id, tag","显示 Loading；提交类控件暂时禁用","updated_context","新增 Context 标签","保留当前输入，显示明确错误并允许重试","骨架屏、行内进度或按钮 Loading，不阻塞无关区域","无数据时显示空状态与下一步入口","校验登录 Session 和目标资源权限","写入操作携带幂等键","P1","流程草案",""
"INT-047","FLOW-04","SCR-011","工作区","任务创建者","移除 Context Tag","点击","写入 API","是","删除 Context","task_draft_id, tag_id","显示 Loading；提交类控件暂时禁用","updated_context","标签消失","保留当前输入，显示明确错误并允许重试","骨架屏、行内进度或按钮 Loading，不阻塞无关区域","无数据时显示空状态与下一步入口","校验登录 Session 和目标资源权限","删除请求幂等","P2","流程草案",""
"INT-048","FLOW-04","SCR-011","工作区","任务创建者","点击 Clarify/Expand/Check/Simulate","点击","异步生成","是","执行 Quick Action 并更新草稿建议","task_draft_id, action_type","显示 Loading；提交类控件暂时禁用","suggested_patch","显示建议并由用户确认应用","保留当前输入，显示明确错误并允许重试","骨架屏、行内进度或按钮 Loading，不阻塞无关区域","无数据时显示空状态与下一步入口","校验登录 Session 和目标资源权限","生成任务可取消；不得静默覆盖用户编辑","P1","流程草案",""
"INT-049","FLOW-04","SCR-011","工作区","任务创建者","点击 Save Draft","点击","写入 API","是","保存 Task Draft","task_draft, draft_version","显示 Loading；提交类控件暂时禁用","saved_draft, saved_at","停留或返回任务列表","保留当前输入，显示明确错误并允许重试","骨架屏、行内进度或按钮 Loading，不阻塞无关区域","无数据时显示空状态与下一步入口","校验登录 Session 和目标资源权限","写入操作携带幂等键","P0","流程草案","保存后停留还是返回列表待确认"
"INT-050","FLOW-04","SCR-011","工作区","任务创建者","点击 Run State/Start Task","点击","异步任务","是","校验 Draft 并创建 TaskRun","task_draft_id, state_version_id","显示 Loading；提交类控件暂时禁用","task_run_id, status","进入 SCR-012","保留当前输入，显示明确错误并允许重试","骨架屏、行内进度或按钮 Loading，不阻塞无关区域","无数据时显示空状态与下一步入口","校验登录 Session 和目标资源权限","幂等键防止重复 TaskRun；锁定输入快照","P0","流程草案",""
"INT-051","FLOW-04","SCR-012","工作区 等待中","任务创建者","查看任务执行阶段","系统推送","实时事件","是","推送 queued/running/progress/log/artifact","task_run_id","显示 Loading；提交类控件暂时禁用","task_run_events","阶段和日志持续更新","保留当前输入，显示明确错误并允许重试","骨架屏、行内进度或按钮 Loading，不阻塞无关区域","无数据时显示空状态与下一步入口","校验登录 Session 和目标资源权限","事件有 sequence；刷新后可恢复","P0","流程草案",""
"INT-052","FLOW-04","SCR-012","工作区 等待中","任务创建者","任务失败后点击 Retry/Resume","点击","异步任务","是","重试失败阶段或恢复运行","task_run_id, retry_from_stage","显示 Loading；提交类控件暂时禁用","task_run_id, resumed_status","继续 SCR-012","保留当前输入，显示明确错误并允许重试","骨架屏、行内进度或按钮 Loading，不阻塞无关区域","无数据时显示空状态与下一步入口","校验登录 Session 和目标资源权限","不重复已完成阶段；保留原日志","P0","流程草案",""
"INT-053","FLOW-04","SCR-013","工作区 任务完成后","任务创建者","查看任务完成结果","完成/页面加载","聚合查询","是","获取 Overview、Artifacts、评分","task_run_id","显示 Loading；提交类控件暂时禁用","task_result","显示完成基础态","保留当前输入，显示明确错误并允许重试","骨架屏、行内进度或按钮 Loading，不阻塞无关区域","无数据时显示空状态与下一步入口","校验登录 Session 和目标资源权限","写入操作携带幂等键","P0","流程草案",""
"INT-054","FLOW-04","SCR-014","工作区 任务完成后 按钮全显示","任务创建者","点击 Refine Task","点击","写入+导航","是","基于原任务创建可编辑 Draft","task_run_id","显示 Loading；提交类控件暂时禁用","new_task_draft_id","进入 SCR-011","保留当前输入，显示明确错误并允许重试","骨架屏、行内进度或按钮 Loading，不阻塞无关区域","无数据时显示空状态与下一步入口","校验登录 Session 和目标资源权限","写入操作携带幂等键","P1","已确认",""
"INT-055","FLOW-04","SCR-014","工作区 任务完成后 按钮全显示","任务创建者","点击 Adjust State","点击","查询+导航","是","提取任务差距并加载 State Draft","task_run_id, state_id","显示 Loading；提交类控件暂时禁用","gap_analysis, state_draft","进入 SCR-015","保留当前输入，显示明确错误并允许重试","骨架屏、行内进度或按钮 Loading，不阻塞无关区域","无数据时显示空状态与下一步入口","校验登录 Session 和目标资源权限","写入操作携带幂等键","P0","已确认",""
"INT-056","FLOW-04","SCR-014","工作区 任务完成后 按钮全显示","任务创建者","点击 Download Result","点击","文件 API","是","获取或生成 Artifact 下载链接","artifact_id, format?","显示 Loading；提交类控件暂时禁用","download_url","开始下载","保留当前输入，显示明确错误并允许重试","骨架屏、行内进度或按钮 Loading，不阻塞无关区域","无数据时显示空状态与下一步入口","校验登录 Session 和目标资源权限","写入操作携带幂等键","P1","已确认",""
"INT-057","FLOW-05","SCR-015","preacherman lab (adjust state)","State Owner/编辑者","加载 Current/Recommended Skills","页面加载","聚合查询","是","获取 State Draft、任务差距和推荐 Skills","state_id, task_run_id","显示 Loading；提交类控件暂时禁用","state_draft, recommendations","显示调整页面","保留当前输入，显示明确错误并允许重试","骨架屏、行内进度或按钮 Loading，不阻塞无关区域","无数据时显示空状态与下一步入口","校验登录 Session 和目标资源权限","写入操作携带幂等键","P0","流程草案",""
"INT-058","FLOW-05","SCR-015","preacherman lab (adjust state)","State Owner/编辑者","添加推荐 Skill","点击","本地 Draft+校验","部分","校验 Skill 权限和兼容性","state_draft_id, skill_version_id","先更新本地状态；远程数据单独显示进度","compatibility_result","加入 Suggested Changes","无权限、下架或冲突时禁止添加并说明原因","骨架屏、行内进度或按钮 Loading，不阻塞无关区域","无数据时显示空状态与下一步入口","校验登录 Session 和目标资源权限","-","P0","流程草案",""
"INT-059","FLOW-05","SCR-015","preacherman lab (adjust state)","State Owner/编辑者","移除 Mounted Skill","点击","本地 Draft","否","无","skill_version_id","即时更新 Draft；原正式版本不受影响","-","加入 Suggested Changes","-","无","无数据时显示空状态与下一步入口","校验登录 Session 和目标资源权限","-","P1","流程草案",""
"INT-060","FLOW-05","SCR-015","preacherman lab (adjust state)","State Owner/编辑者","点击 Back to Lab","点击","前端导航","否","无","dirty_state","存在未保存变更时显示保存/放弃确认","-","返回 SCR-016","-","无","无数据时显示空状态与下一步入口","校验登录 Session 和目标资源权限","-","P1","流程草案",""
"INT-061","FLOW-05","SCR-015","preacherman lab (adjust state)","State Owner/编辑者","点击 Save & Re-test","点击","复合写入+异步任务","是","保存 State Draft 并立即创建 TestRun","state_draft, task_snapshot","显示 Loading；提交类控件暂时禁用","state_draft_id, test_run_id","直接进入 SCR-023","任一步失败都保留本地修改；未创建成功不得跳转","骨架屏、行内进度或按钮 Loading，不阻塞无关区域","无数据时显示空状态与下一步入口","校验登录 Session 和目标资源权限","单一幂等键覆盖保存与创建 Run","P0","已确认",""
"INT-062","FLOW-05","SCR-023","state test  等待界面","State Owner/编辑者","查看重测进度","系统推送","实时事件","是","推送 TestRun 阶段和指标","test_run_id","显示 Loading；提交类控件暂时禁用","test_events","完成进入 SCR-024","保留当前输入，显示明确错误并允许重试","骨架屏、行内进度或按钮 Loading，不阻塞无关区域","无数据时显示空状态与下一步入口","校验登录 Session 和目标资源权限","断线续传；不得自动发布 State","P0","流程草案",""
"INT-063","FLOW-05","SCR-024","state test  完成界面","State Owner/编辑者","查看重测结果","点击","聚合查询","是","获取评分、Artifacts 和改进建议","test_run_id","显示 Loading；提交类控件暂时禁用","test_result","保持 State 为 Draft","保留当前输入，显示明确错误并允许重试","骨架屏、行内进度或按钮 Loading，不阻塞无关区域","无数据时显示空状态与下一步入口","校验登录 Session 和目标资源权限","写入操作携带幂等键","P0","已确认","调整结果是新 StateVersion 还是更新现有 Draft 待确认"
"INT-064","FLOW-06","SCR-016","preacherman lab","State Creator","进入 State Lab","页面加载","聚合查询","是","获取 Draft、Recent States、Templates 和创建权限","user_id","显示 Loading；提交类控件暂时禁用","lab_home","显示 Lab 正式首页","保留当前输入，显示明确错误并允许重试","骨架屏、行内进度或按钮 Loading，不阻塞无关区域","无数据时显示空状态与下一步入口","校验登录 Session 和目标资源权限","写入操作携带幂等键","P0","流程草案",""
"INT-065","FLOW-06","SCR-016","preacherman lab","State Creator","点击 Continue Working 卡片","点击","查询+导航","是","恢复指定 State Draft","state_draft_id","显示 Loading；提交类控件暂时禁用","state_draft","进入对应编辑步骤","保留当前输入，显示明确错误并允许重试","骨架屏、行内进度或按钮 Loading，不阻塞无关区域","无数据时显示空状态与下一步入口","校验登录 Session 和目标资源权限","写入操作携带幂等键","P1","流程草案",""
"INT-066","FLOW-06","SCR-016","preacherman lab","State Creator","选择 Template Quick Start","点击","写入 API","是","按模板创建 State Draft","template_id","显示 Loading；提交类控件暂时禁用","state_draft_id","进入 SCR-019/SCR-020","保留当前输入，显示明确错误并允许重试","骨架屏、行内进度或按钮 Loading，不阻塞无关区域","无数据时显示空状态与下一步入口","校验登录 Session 和目标资源权限","创建请求幂等","P1","流程草案",""
"INT-067","FLOW-06","SCR-016","preacherman lab","State Creator","点击 Create State","点击","写入 API","是","创建空 State Draft","user_id","显示 Loading；提交类控件暂时禁用","state_draft_id","进入创建页面","保留当前输入，显示明确错误并允许重试","骨架屏、行内进度或按钮 Loading，不阻塞无关区域","无数据时显示空状态与下一步入口","校验登录 Session 和目标资源权限","创建请求幂等","P0","流程草案",""
"INT-068","FLOW-06","SCR-019","preacherman lab (create state)平台推荐skills","State Creator","输入 State 目标并分析","点击","异步生成","是","分析意图并推荐 Capabilities/Skills","state_draft_id, goal","显示 Loading；提交类控件暂时禁用","capability_suggestions, skill_recommendations","显示推荐结果","保留当前输入，显示明确错误并允许重试","骨架屏、行内进度或按钮 Loading，不阻塞无关区域","无数据时显示空状态与下一步入口","校验登录 Session 和目标资源权限","写入操作携带幂等键","P0","流程草案",""
"INT-069","FLOW-06","SCR-019","preacherman lab (create state)平台推荐skills","State Creator","选择平台推荐 Skill","点击","写入 API","是","添加 Skill 到 State Draft","state_draft_id, skill_version_id","显示 Loading；提交类控件暂时禁用","updated_state_draft","Skill 出现在 State 周围","保留当前输入，显示明确错误并允许重试","骨架屏、行内进度或按钮 Loading，不阻塞无关区域","无数据时显示空状态与下一步入口","校验登录 Session 和目标资源权限","写入操作携带幂等键","P0","流程草案",""
"INT-070","FLOW-06","SCR-019","preacherman lab (create state)平台推荐skills","State Creator","拖拽调整 Skill 组合/顺序","拖拽结束","本地拖拽+保存","部分","保存 Skill 顺序和配置","state_draft_id, ordered_skills","先更新本地状态；远程数据单独显示进度","updated_state_draft","环上技能点和列表同步","保留当前输入，显示明确错误并允许重试","骨架屏、行内进度或按钮 Loading，不阻塞无关区域","无数据时显示空状态与下一步入口","校验登录 Session 和目标资源权限","-","P1","流程草案",""
"INT-071","FLOW-06","SCR-020","preacherman lab (create state) 外部导入skills","State Creator","选择外部导入 Skills","点击","文件/仓库导入","是","上传或读取仓库并扫描权限风险","state_draft_id, file_or_repo","显示 Loading；提交类控件暂时禁用","import_job_id, checks","验证通过后加入 Draft","显示具体检查项并保留 State 目标","骨架屏、行内进度或按钮 Loading，不阻塞无关区域","无数据时显示空状态与下一步入口","校验登录 Session 和目标资源权限","写入操作携带幂等键","P0","流程草案",""
"INT-072","FLOW-06","SCR-019","preacherman lab (create state)平台推荐skills","State Creator","点击 Run Lab Test","点击","异步任务","是","为 State Draft 创建 TestRun","state_draft_id, test_case","显示 Loading；提交类控件暂时禁用","test_run_id","进入 SCR-023","保留当前输入，显示明确错误并允许重试","骨架屏、行内进度或按钮 Loading，不阻塞无关区域","无数据时显示空状态与下一步入口","校验登录 Session 和目标资源权限","幂等键防止重复测试","P0","流程草案",""
"INT-073","FLOW-06","SCR-024","state test  完成界面","State Creator","测试通过后保存新 State","点击","写入 API","是","保存私人 State Draft","state_draft_id, test_run_id","显示 Loading；提交类控件暂时禁用","unpublished_state_draft","返回 SCR-016/SCR-017","保留当前输入，显示明确错误并允许重试","骨架屏、行内进度或按钮 Loading，不阻塞无关区域","无数据时显示空状态与下一步入口","校验登录 Session 和目标资源权限","不得自动 publish 或 activate","P0","已确认",""
"INT-074","FLOW-07","SCR-025","preacherman lab skills页面","Skill Creator/Developer","进入 Skills 页面","页面加载","分页查询","是","获取 Skill 列表、版本和状态","cursor, filters","显示 Loading；提交类控件暂时禁用","skills","显示 Skills 列表","保留当前输入，显示明确错误并允许重试","骨架屏、行内进度或按钮 Loading，不阻塞无关区域","显示创建第一个 Skill 的入口","校验登录 Session 和目标资源权限","写入操作携带幂等键","P0","流程草案",""
"INT-075","FLOW-07","SCR-025","preacherman lab skills页面","Skill Creator/Developer","点击 Create Skill","点击","前端弹窗","否","无","-","立即更新本地界面状态","-","打开 Blank/Template/Import 选择框","-","无","无数据时显示空状态与下一步入口","校验登录 Session 和目标资源权限","-","P0","前端固定",""
"INT-076","FLOW-07","SCR-025","preacherman lab skills页面","Skill Creator/Developer","选择 Blank Skill","点击","前端选择","否","无","creation_mode=blank","立即更新本地界面状态","-","选择态更新，等待 Continue","-","无","无数据时显示空状态与下一步入口","校验登录 Session 和目标资源权限","-","P0","前端固定",""
"INT-077","FLOW-07","SCR-025","preacherman lab skills页面","Skill Creator/Developer","选择 Use Template","点击","查询 API","是","获取可用 Skill Templates","filters","显示 Loading；提交类控件暂时禁用","templates","显示模板选择","保留当前输入，显示明确错误并允许重试","骨架屏、行内进度或按钮 Loading，不阻塞无关区域","无数据时显示空状态与下一步入口","校验登录 Session 和目标资源权限","写入操作携带幂等键","P1","流程草案",""
"INT-078","FLOW-07","SCR-025","preacherman lab skills页面","Skill Creator/Developer","选择 Import Skill","点击","前端选择","否","无","creation_mode=import","立即更新本地界面状态","-","选择态更新，等待 Continue","-","无","无数据时显示空状态与下一步入口","校验登录 Session 和目标资源权限","-","P0","前端固定",""
"INT-079","FLOW-07","SCR-025","preacherman lab skills页面","Skill Creator/Developer","点击 Cancel","点击","前端关闭","否","无","-","立即更新本地界面状态","-","关闭创建弹窗","-","无","无数据时显示空状态与下一步入口","校验登录 Session 和目标资源权限","-","P2","前端固定",""
"INT-080","FLOW-07","SCR-025","preacherman lab skills页面","Skill Creator/Developer","点击 Continue","点击","导航/创建 Draft","部分","按创建方式初始化 SkillDraft","creation_mode, template_id?","先更新本地状态；远程数据单独显示进度","skill_draft_id?","Blank 进入 SCR-026；Import 进入 SCR-032","保留当前输入，显示明确错误并允许重试","骨架屏、行内进度或按钮 Loading，不阻塞无关区域","无数据时显示空状态与下一步入口","校验登录 Session 和目标资源权限","-","P0","流程草案",""
"INT-081","FLOW-07","SCR-026","preacherman lab skills页面 空白创建1","Skill Creator/Developer","完成 Blank Skill 步骤 1","点击","写入 API","是","初始化并保存 Skill Identity","name, purpose, category","显示 Loading；提交类控件暂时禁用","skill_draft_id, draft_version","进入 SCR-027","保留当前输入，显示明确错误并允许重试","骨架屏、行内进度或按钮 Loading，不阻塞无关区域","无数据时显示空状态与下一步入口","校验登录 Session 和目标资源权限","写入操作携带幂等键","P0","已确认",""
"INT-082","FLOW-07","SCR-027","preacherman lab skills页面 空白创建2","Skill Creator/Developer","完成 Blank Skill 步骤 2","点击","写入 API","是","保存 Capabilities","skill_draft_id, capabilities","显示 Loading；提交类控件暂时禁用","draft_version","进入 SCR-028","保留当前输入，显示明确错误并允许重试","骨架屏、行内进度或按钮 Loading，不阻塞无关区域","无数据时显示空状态与下一步入口","校验登录 Session 和目标资源权限","写入操作携带幂等键","P0","已确认",""
"INT-083","FLOW-07","SCR-028","preacherman lab skills页面 空白创建3","Skill Creator/Developer","完成 Blank Skill 步骤 3","点击","写入 API","是","保存 Capability Logic/Behavior","skill_draft_id, behavior","显示 Loading；提交类控件暂时禁用","draft_version","进入 SCR-029","保留当前输入，显示明确错误并允许重试","骨架屏、行内进度或按钮 Loading，不阻塞无关区域","无数据时显示空状态与下一步入口","校验登录 Session 和目标资源权限","写入操作携带幂等键","P0","已确认",""
"INT-084","FLOW-07","SCR-029","preacherman lab skills页面 空白创建4","Skill Creator/Developer","完成 Blank Skill 步骤 4","点击","写入 API","是","保存 Output/Guardrails/Permissions","skill_draft_id, output, guardrails, permissions","显示 Loading；提交类控件暂时禁用","draft_version","进入 SCR-030","保留当前输入，显示明确错误并允许重试","骨架屏、行内进度或按钮 Loading，不阻塞无关区域","无数据时显示空状态与下一步入口","校验登录 Session 和目标资源权限","写入操作携带幂等键","P0","已确认",""
"INT-085","FLOW-07","SCR-030","preacherman lab skills页面 空白创建5","Skill Creator/Developer","完成 Blank Skill 步骤 5","点击","写入 API","是","完成空白创建并保存 SkillDraft","skill_draft_id, final_fields","显示 Loading；提交类控件暂时禁用","completed_skill_draft","进入 SCR-033 或验证流程","保留当前输入，显示明确错误并允许重试","骨架屏、行内进度或按钮 Loading，不阻塞无关区域","无数据时显示空状态与下一步入口","校验登录 Session 和目标资源权限","写入操作携带幂等键","P0","已确认","每一步具体字段仍需在 API 契约阶段逐页确认"
"INT-086","FLOW-07","SCR-031","preacherman lab skills页面 开发者模式","Skill Creator/Developer","编辑 skill.md/schema/test case","输入/保存","本地编辑+自动保存","部分","保存 Developer Mode 文件","skill_draft_id, file_path, content, revision","先更新本地状态；远程数据单独显示进度","saved_revision","保持编辑器打开","保留当前输入，显示明确错误并允许重试","骨架屏、行内进度或按钮 Loading，不阻塞无关区域","无数据时显示空状态与下一步入口","校验登录 Session 和目标资源权限","乐观锁防止覆盖并发编辑","P0","流程草案",""
"INT-087","FLOW-07","SCR-031","preacherman lab skills页面 开发者模式","Skill Creator/Developer","点击 Manage Sources","点击","查询+写入 API","是","管理 Skill Sources","skill_draft_id","显示 Loading；提交类控件暂时禁用","sources","打开 Sources 管理","保留当前输入，显示明确错误并允许重试","骨架屏、行内进度或按钮 Loading，不阻塞无关区域","无数据时显示空状态与下一步入口","校验登录 Session 和目标资源权限","写入操作携带幂等键","P1","流程草案",""
"INT-088","FLOW-07","SCR-031","preacherman lab skills页面 开发者模式","Skill Creator/Developer","点击 Preview","点击","本地/生成预览","部分","渲染 Skill 文件预览","skill_draft_id, revision","先更新本地状态；远程数据单独显示进度","preview","显示预览面板","保留当前输入，显示明确错误并允许重试","骨架屏、行内进度或按钮 Loading，不阻塞无关区域","无数据时显示空状态与下一步入口","校验登录 Session 和目标资源权限","-","P1","流程草案",""
"INT-089","FLOW-07","SCR-031","preacherman lab skills页面 开发者模式","Skill Creator/Developer","点击 Save Draft/Save Version","点击","写入 API","是","保存 SkillDraft 版本","skill_draft_id, revision","显示 Loading；提交类控件暂时禁用","saved_version","显示保存成功","保留当前输入，显示明确错误并允许重试","骨架屏、行内进度或按钮 Loading，不阻塞无关区域","无数据时显示空状态与下一步入口","校验登录 Session 和目标资源权限","写入操作携带幂等键","P0","流程草案",""
"INT-090","FLOW-07","SCR-031","preacherman lab skills页面 开发者模式","Skill Creator/Developer","点击 Run Validation","点击","异步任务","是","创建 Skill ValidationRun","skill_draft_id, revision","显示 Loading；提交类控件暂时禁用","validation_run_id","进入验证状态","保留当前输入，显示明确错误并允许重试","骨架屏、行内进度或按钮 Loading，不阻塞无关区域","无数据时显示空状态与下一步入口","校验登录 Session 和目标资源权限","幂等键防止重复验证","P0","流程草案",""
"INT-091","FLOW-07","SCR-032","preacherman lab skills页面 重构1","Skill Creator/Developer","切换 GitHub Repository/Upload File","点击","前端 Tab","否","无","source_mode","立即更新本地界面状态","-","切换导入表单","-","无","无数据时显示空状态与下一步入口","校验登录 Session 和目标资源权限","-","P2","前端固定",""
"INT-092","FLOW-07","SCR-032","preacherman lab skills页面 重构1","Skill Creator/Developer","输入仓库 URL 和 Branch 并 Import","点击","仓库导入任务","是","读取仓库并执行结构、权限、依赖检查","repository_url, branch","显示 Loading；提交类控件暂时禁用","import_job_id, checks, summary","显示 Import Summary","不可访问时提示重新授权或更换 Source","骨架屏、行内进度或按钮 Loading，不阻塞无关区域","无数据时显示空状态与下一步入口","校验登录 Session 和目标资源权限","导入任务状态可轮询或推送","P0","流程草案",""
"INT-093","FLOW-07","SCR-032","preacherman lab skills页面 重构1","Skill Creator/Developer","上传 Skill 文件并 Import","点击","文件导入任务","是","上传并执行导入检查","file","显示 Loading；提交类控件暂时禁用","import_job_id, checks, summary","显示 Import Summary","保留当前输入，显示明确错误并允许重试","骨架屏、行内进度或按钮 Loading，不阻塞无关区域","无数据时显示空状态与下一步入口","校验登录 Session 和目标资源权限","写入操作携带幂等键","P0","流程草案",""
"INT-094","FLOW-07","SCR-032","preacherman lab skills页面 重构1","Skill Creator/Developer","点击 Review Details","点击","查询 API","是","获取未通过检查详情","import_job_id, check_id","显示 Loading；提交类控件暂时禁用","check_detail","展开修复建议","保留当前输入，显示明确错误并允许重试","骨架屏、行内进度或按钮 Loading，不阻塞无关区域","无数据时显示空状态与下一步入口","校验登录 Session 和目标资源权限","写入操作携带幂等键","P1","流程草案",""
"INT-095","FLOW-07","SCR-032","preacherman lab skills页面 重构1","Skill Creator/Developer","点击 Save for Later","点击","写入 API","是","保存 Import Draft","import_job_id","显示 Loading；提交类控件暂时禁用","skill_draft_id","返回 Skills 或停留","保留当前输入，显示明确错误并允许重试","骨架屏、行内进度或按钮 Loading，不阻塞无关区域","无数据时显示空状态与下一步入口","校验登录 Session 和目标资源权限","写入操作携带幂等键","P1","流程草案",""
"INT-096","FLOW-07","SCR-032","preacherman lab skills页面 重构1","Skill Creator/Developer","点击 Continue to Configure","点击","写入+导航","是","将通过检查的导入结果转为 SkillDraft","import_job_id","显示 Loading；提交类控件暂时禁用","skill_draft_id","进入 SCR-033","保留当前输入，显示明确错误并允许重试","骨架屏、行内进度或按钮 Loading，不阻塞无关区域","无数据时显示空状态与下一步入口","校验登录 Session 和目标资源权限","写入操作携带幂等键","P0","流程草案",""
"INT-097","FLOW-07","SCR-033","preacherman lab skills页面 重构2","Skill Creator/Developer","编辑 Skill Name/Version","点击","写入 API","是","更新 SkillDraft 基础信息","skill_draft_id, name, version","显示 Loading；提交类控件暂时禁用","draft_version","Summary 同步更新","保留当前输入，显示明确错误并允许重试","骨架屏、行内进度或按钮 Loading，不阻塞无关区域","无数据时显示空状态与下一步入口","校验登录 Session 和目标资源权限","写入操作携带幂等键","P0","流程草案",""
"INT-098","FLOW-07","SCR-033","preacherman lab skills页面 重构2","Skill Creator/Developer","添加/移除 Capability","点击","写入 API","是","更新 Capabilities","skill_draft_id, capability_changes","显示 Loading；提交类控件暂时禁用","updated_capabilities","Changes Summary 更新","保留当前输入，显示明确错误并允许重试","骨架屏、行内进度或按钮 Loading，不阻塞无关区域","无数据时显示空状态与下一步入口","校验登录 Session 和目标资源权限","写入操作携带幂等键","P0","流程草案",""
"INT-099","FLOW-07","SCR-033","preacherman lab skills页面 重构2","Skill Creator/Developer","修改 Behavior Prompt/Output Style","点击","写入 API","是","保存 Behavior","skill_draft_id, behavior","显示 Loading；提交类控件暂时禁用","draft_version","Readiness 更新","保留当前输入，显示明确错误并允许重试","骨架屏、行内进度或按钮 Loading，不阻塞无关区域","无数据时显示空状态与下一步入口","校验登录 Session 和目标资源权限","写入操作携带幂等键","P0","流程草案",""
"INT-100","FLOW-07","SCR-033","preacherman lab skills页面 重构2","Skill Creator/Developer","展开并编辑 Guardrails/Permissions/Output Contract","点击","查询+写入 API","是","读取并更新配置","skill_draft_id, section, values","显示 Loading；提交类控件暂时禁用","updated_section","折叠区摘要更新","保留当前输入，显示明确错误并允许重试","骨架屏、行内进度或按钮 Loading，不阻塞无关区域","无数据时显示空状态与下一步入口","校验登录 Session 和目标资源权限","写入操作携带幂等键","P0","流程草案",""
"INT-101","FLOW-07","SCR-033","preacherman lab skills页面 重构2","Skill Creator/Developer","点击 Save Draft","点击","写入 API","是","保存 SkillDraft","skill_draft_id, draft_version","显示 Loading；提交类控件暂时禁用","saved_at, draft_version","停留 SCR-033","保留当前输入，显示明确错误并允许重试","骨架屏、行内进度或按钮 Loading，不阻塞无关区域","无数据时显示空状态与下一步入口","校验登录 Session 和目标资源权限","写入操作携带幂等键","P0","流程草案",""
"INT-102","FLOW-07","SCR-033","preacherman lab skills页面 重构2","Skill Creator/Developer","点击 Test Changes","点击","异步任务","是","创建 ValidationRun","skill_draft_id, draft_version","显示 Loading；提交类控件暂时禁用","validation_run_id","进入 SCR-034","保留当前输入，显示明确错误并允许重试","骨架屏、行内进度或按钮 Loading，不阻塞无关区域","无数据时显示空状态与下一步入口","校验登录 Session 和目标资源权限","幂等键防止重复 ValidationRun","P0","流程草案",""
"INT-103","FLOW-07","SCR-034","preacherman lab skills页面 重构3","Skill Creator/Developer","点击 Add Test Set","点击","写入 API","是","创建或关联 Test Set","skill_draft_id, test_set","显示 Loading；提交类控件暂时禁用","test_set_id","Test Sets 列表更新","保留当前输入，显示明确错误并允许重试","骨架屏、行内进度或按钮 Loading，不阻塞无关区域","无数据时显示空状态与下一步入口","校验登录 Session 和目标资源权限","写入操作携带幂等键","P1","流程草案",""
"INT-104","FLOW-07","SCR-034","preacherman lab skills页面 重构3","Skill Creator/Developer","打开 Review Item","点击","查询 API","是","获取测试问题详情和证据","validation_run_id, review_item_id","显示 Loading；提交类控件暂时禁用","review_detail","显示详情","保留当前输入，显示明确错误并允许重试","骨架屏、行内进度或按钮 Loading，不阻塞无关区域","无数据时显示空状态与下一步入口","校验登录 Session 和目标资源权限","写入操作携带幂等键","P1","流程草案","当前不设计人工审批状态机"
"INT-105","FLOW-07","SCR-034","preacherman lab skills页面 重构3","Skill Creator/Developer","点击 Rerun Tests","点击","异步任务","是","以当前 Draft 重新创建 ValidationRun","skill_draft_id, test_set_ids","显示 Loading；提交类控件暂时禁用","validation_run_id","刷新验证结果","保留当前输入，显示明确错误并允许重试","骨架屏、行内进度或按钮 Loading，不阻塞无关区域","无数据时显示空状态与下一步入口","校验登录 Session 和目标资源权限","幂等键防止重复运行","P0","流程草案",""
"INT-106","FLOW-07","SCR-034","preacherman lab skills页面 重构3","Skill Creator/Developer","点击 Publish","点击","校验+导航","是","检查发布前置条件","skill_draft_id, validation_run_id","显示 Loading；提交类控件暂时禁用","publish_readiness","通过后进入 SCR-035","存在 Fail 时阻止发布；Review 仅展示系统结果","骨架屏、行内进度或按钮 Loading，不阻塞无关区域","无数据时显示空状态与下一步入口","校验登录 Session 和目标资源权限","写入操作携带幂等键","P0","流程草案",""
"INT-107","FLOW-07","SCR-035","preacherman lab skills页面 重构5","Skill Creator/Developer","选择目标 State","点击","查询+本地选择","部分","获取可挂载 State Draft","skill_version_id","先更新本地状态；远程数据单独显示进度","available_states","目标 State 更新","保留当前输入，显示明确错误并允许重试","骨架屏、行内进度或按钮 Loading，不阻塞无关区域","无数据时显示空状态与下一步入口","校验登录 Session 和目标资源权限","-","P1","流程草案",""
"INT-108","FLOW-07","SCR-035","preacherman lab skills页面 重构5","Skill Creator/Developer","选择 Add to State Draft/Activate later","点击","前端选择","否","无","activation_mode","立即更新本地界面状态","-","选项高亮","-","无","无数据时显示空状态与下一步入口","校验登录 Session 和目标资源权限","-","P1","前端固定",""
"INT-109","FLOW-07","SCR-035","preacherman lab skills页面 重构5","Skill Creator/Developer","点击 Save Draft","点击","写入 API","是","保存 Publish Draft","skill_draft_id, destination, activation_mode","显示 Loading；提交类控件暂时禁用","publish_draft","停留 SCR-035","保留当前输入，显示明确错误并允许重试","骨架屏、行内进度或按钮 Loading，不阻塞无关区域","无数据时显示空状态与下一步入口","校验登录 Session 和目标资源权限","写入操作携带幂等键","P1","流程草案",""
"INT-110","FLOW-07","SCR-035","preacherman lab skills页面 重构5","Skill Creator/Developer","点击 Publish & Add to State","点击","复合发布","是","创建正式 SkillVersion 并挂载到 State Draft","skill_draft_id, version, state_draft_id, activation_mode","显示 Loading；提交类控件暂时禁用","skill_version, installation","发布完成","保留当前输入，显示明确错误并允许重试","骨架屏、行内进度或按钮 Loading，不阻塞无关区域","无数据时显示空状态与下一步入口","校验登录 Session 和目标资源权限","发布幂等；挂载失败时 Skill 仍可 Published 并允许重试","P0","流程草案",""
"INT-111","FLOW-07","SCR-036","preacherman lab skills页面 重构导出","Skill Creator/Developer","填写 Version Name/Notes 并 Generate Version","点击","写入 API","是","创建可导出的 SkillVersion","skill_draft_id, version_name, notes","显示 Loading；提交类控件暂时禁用","skill_version_id","显示 Evolved Skill Preview","保留当前输入，显示明确错误并允许重试","骨架屏、行内进度或按钮 Loading，不阻塞无关区域","无数据时显示空状态与下一步入口","校验登录 Session 和目标资源权限","写入操作携带幂等键","P0","流程草案",""
"INT-112","FLOW-07","SCR-036","preacherman lab skills页面 重构导出","Skill Creator/Developer","选择 Export Format","点击","查询+前端选择","部分","获取当前支持导出格式","skill_version_id","先更新本地状态；远程数据单独显示进度","supported_formats","打开格式选择并高亮选项","保留当前输入，显示明确错误并允许重试","骨架屏、行内进度或按钮 Loading，不阻塞无关区域","无数据时显示空状态与下一步入口","校验登录 Session 和目标资源权限","-","P1","已确认",""
"INT-113","FLOW-07","SCR-036","preacherman lab skills页面 重构导出","Skill Creator/Developer","生成并下载/分享 Skill 包","点击","文件异步任务","是","生成导出包或分享链接","skill_version_id, format, share_options","显示 Loading；提交类控件暂时禁用","export_job_id, download_url/share_url","下载或复制链接","保留当前输入，显示明确错误并允许重试","骨架屏、行内进度或按钮 Loading，不阻塞无关区域","无数据时显示空状态与下一步入口","校验登录 Session 和目标资源权限","写入操作携带幂等键","P1","已确认",""
"INT-114","FLOW-07","SCR-036","preacherman lab skills页面 重构导出","Skill Creator/Developer","点击 View Diff","点击","查询 API","是","获取 Base 与 Draft 差异","base_version_id, draft_version_id","显示 Loading；提交类控件暂时禁用","structured_diff","显示 Diff","保留当前输入，显示明确错误并允许重试","骨架屏、行内进度或按钮 Loading，不阻塞无关区域","无数据时显示空状态与下一步入口","校验登录 Session 和目标资源权限","写入操作携带幂等键","P1","流程草案",""
"INT-115","FLOW-07","SCR-036","preacherman lab skills页面 重构导出","Skill Creator/Developer","点击 Mount to State/Open in State","点击","写入+导航","是","挂载 SkillVersion 到 State Draft","skill_version_id, state_draft_id","显示 Loading；提交类控件暂时禁用","installation","进入目标 State","保留当前输入，显示明确错误并允许重试","骨架屏、行内进度或按钮 Loading，不阻塞无关区域","无数据时显示空状态与下一步入口","校验登录 Session 和目标资源权限","写入操作携带幂等键","P0","流程草案",""
"INT-116","FLOW-08","SCR-021","state test hover前","State Owner/Tester","进入 State Test 设置页","页面加载","聚合查询","是","获取 State、版本、最近测试和默认设置","state_id, version_id","显示 Loading；提交类控件暂时禁用","test_defaults, recent_tests","显示 SCR-021","保留当前输入，显示明确错误并允许重试","骨架屏、行内进度或按钮 Loading，不阻塞无关区域","无数据时显示空状态与下一步入口","校验登录 Session 和目标资源权限","写入操作携带幂等键","P0","流程草案",""
"INT-117","FLOW-08","SCR-021","state test hover前","State Owner/Tester","输入测试任务","输入","前端校验","否","无","task_text","显示字数和必填校验","-","Run Test 可用","-","无","无数据时显示空状态与下一步入口","校验登录 Session 和目标资源权限","-","P0","前端固定",""
"INT-118","FLOW-08","SCR-021","state test hover前","State Owner/Tester","Upload files","点击","文件 API","是","上传并解析测试 Context","test_draft_id, files","显示 Loading；提交类控件暂时禁用","context_items","Context 列表更新","保留当前输入，显示明确错误并允许重试","骨架屏、行内进度或按钮 Loading，不阻塞无关区域","无数据时显示空状态与下一步入口","校验登录 Session 和目标资源权限","写入操作携带幂等键","P1","流程草案",""
"INT-119","FLOW-08","SCR-021","state test hover前","State Owner/Tester","Paste text/Add links/Connect data","点击","写入+解析 API","是","创建测试 Context","test_draft_id, source_type, content","显示 Loading；提交类控件暂时禁用","context_items","Context 列表更新","保留当前输入，显示明确错误并允许重试","骨架屏、行内进度或按钮 Loading，不阻塞无关区域","无数据时显示空状态与下一步入口","校验登录 Session 和目标资源权限","写入操作携带幂等键","P1","流程草案",""
"INT-120","FLOW-08","SCR-021","state test hover前","State Owner/Tester","选择 Quick/Deep/Stress 模式","点击","前端选择","否","无","mode","立即更新本地界面状态","-","选中态和预计成本更新","-","无","无数据时显示空状态与下一步入口","校验登录 Session 和目标资源权限","-","P1","前端固定","三种模式成本、超时和能力差异待确认"
"INT-121","FLOW-08","SCR-021","state test hover前","State Owner/Tester","展开 Advanced settings","点击","前端展开","否","无","-","立即更新本地界面状态","-","显示高级设置","-","无","无数据时显示空状态与下一步入口","校验登录 Session 和目标资源权限","-","P2","前端固定",""
"INT-122","FLOW-08","SCR-021","state test hover前","State Owner/Tester","点击 Run Test","点击","异步任务","是","校验额度并创建 TestRun","state_version_id, task, context, mode, settings","显示 Loading；提交类控件暂时禁用","test_run_id, status","进入 SCR-023","保留当前输入，显示明确错误并允许重试","骨架屏、行内进度或按钮 Loading，不阻塞无关区域","无数据时显示空状态与下一步入口","校验登录 Session 和目标资源权限","幂等键防止重复 TestRun；额度不足时不创建","P0","流程草案",""
"INT-123","FLOW-08","SCR-023","state test  等待界面","State Owner/Tester","查看测试执行阶段","系统推送","实时事件","是","推送 Understand/Plan/Research/Synthesize/Validate/Output","test_run_id","显示 Loading；提交类控件暂时禁用","stage_events, logs, metrics","完成进入 SCR-024","保留当前输入，显示明确错误并允许重试","骨架屏、行内进度或按钮 Loading，不阻塞无关区域","无数据时显示空状态与下一步入口","校验登录 Session 和目标资源权限","事件有 sequence；刷新后恢复","P0","流程草案",""
"INT-124","FLOW-08","SCR-024","state test  完成界面","State Owner/Tester","查看输出、评分和 Key Takeaways","完成/页面加载","聚合查询","是","获取 Artifact 和质量评分","test_run_id","显示 Loading；提交类控件暂时禁用","artifact, accuracy, usefulness, clarity, takeaways","显示测试结果","保留当前输入，显示明确错误并允许重试","骨架屏、行内进度或按钮 Loading，不阻塞无关区域","无数据时显示空状态与下一步入口","校验登录 Session 和目标资源权限","写入操作携带幂等键","P0","流程草案",""
"INT-125","FLOW-08","SCR-024","state test  完成界面","State Owner/Tester","点击 Preview/Open","点击","文件预览","是","获取 Artifact 预览或打开地址","artifact_id","显示 Loading；提交类控件暂时禁用","preview_url/open_url","打开预览","保留当前输入，显示明确错误并允许重试","骨架屏、行内进度或按钮 Loading，不阻塞无关区域","无数据时显示空状态与下一步入口","校验登录 Session 和目标资源权限","写入操作携带幂等键","P1","流程草案",""
"INT-126","FLOW-08","SCR-024","state test  完成界面","State Owner/Tester","点击 Download/Export","点击","文件 API","是","生成下载或导出文件","artifact_id, format","显示 Loading；提交类控件暂时禁用","download_url","开始下载","保留当前输入，显示明确错误并允许重试","骨架屏、行内进度或按钮 Loading，不阻塞无关区域","无数据时显示空状态与下一步入口","校验登录 Session 和目标资源权限","写入操作携带幂等键","P1","流程草案",""
"INT-127","FLOW-08","SCR-024","state test  完成界面","State Owner/Tester","点击 Run test again","点击","异步任务","是","按相同配置创建新 TestRun","previous_test_run_id","显示 Loading；提交类控件暂时禁用","new_test_run_id","进入 SCR-023","保留当前输入，显示明确错误并允许重试","骨架屏、行内进度或按钮 Loading，不阻塞无关区域","无数据时显示空状态与下一步入口","校验登录 Session 和目标资源权限","重测请求幂等","P0","流程草案",""
"INT-128","FLOW-08","SCR-024","state test  完成界面","State Owner/Tester","点击 Adjust this State","点击","查询+导航","是","携带测试缺口加载 State Draft","test_run_id, state_id","显示 Loading；提交类控件暂时禁用","gap_analysis, state_draft","进入 SCR-015","保留当前输入，显示明确错误并允许重试","骨架屏、行内进度或按钮 Loading，不阻塞无关区域","无数据时显示空状态与下一步入口","校验登录 Session 和目标资源权限","写入操作携带幂等键","P0","流程草案",""
"INT-129","FLOW-08","SCR-024","state test  完成界面","State Owner/Tester","点击 Use this Result","点击","写入 API","是","打开保存位置选择器，并将 Artifact 保存到用户选择的 Workspace/目标容器","artifact_id, workspace_id, parent_item_id","显示保存位置选择器；提交后按钮 Loading","workspace_item","返回用户选择的保存位置","保留当前选择，显示明确错误并允许重试","保存请求显示行内 Loading，不阻塞结果预览","没有可写 Workspace 时显示权限说明和返回入口","校验 Artifact read、Workspace write 和目标容器权限","写入操作携带幂等键","P0","已确认","不使用固定默认路径；用户必须自己选择保存位置"
"INT-130","FLOW-09","SCR-040","state gallery","State Consumer","进入 State Gallery/Match","页面加载","聚合查询","是","获取推荐 State、分类和已有安装","user_id","显示 Loading；提交类控件暂时禁用","recommendations, categories, installations","显示 Gallery","保留当前输入，显示明确错误并允许重试","骨架屏、行内进度或按钮 Loading，不阻塞无关区域","无数据时显示空状态与下一步入口","校验登录 Session 和目标资源权限","写入操作携带幂等键","P0","流程草案",""
"INT-131","FLOW-09","SCR-040","state gallery","State Consumer","输入任务并提交匹配","点击","异步匹配","是","计算 State Fit Score","task_intent","显示 Loading；提交类控件暂时禁用","ranked_states, fit_scores","更新环形 State 卡片","保留当前输入，显示明确错误并允许重试","骨架屏、行内进度或按钮 Loading，不阻塞无关区域","无数据时显示空状态与下一步入口","校验登录 Session 和目标资源权限","写入操作携带幂等键","P0","流程草案",""
"INT-132","FLOW-09","SCR-040","state gallery","State Consumer","点击 Quick Intent","点击","前端回填+匹配","部分","使用预设 Intent 触发匹配","intent_type","先更新本地状态；远程数据单独显示进度","ranked_states","输入框和结果更新","保留当前输入，显示明确错误并允许重试","骨架屏、行内进度或按钮 Loading，不阻塞无关区域","无数据时显示空状态与下一步入口","校验登录 Session 和目标资源权限","-","P1","流程草案",""
"INT-133","FLOW-09","SCR-040","state gallery","State Consumer","拖动浏览并选择 State","拖拽/点击","前端拖拽+查询","部分","获取选中 State 摘要","state_id","先更新本地状态；远程数据单独显示进度","state_summary","选中卡片居中并更新指标","保留当前输入，显示明确错误并允许重试","骨架屏、行内进度或按钮 Loading，不阻塞无关区域","无数据时显示空状态与下一步入口","校验登录 Session 和目标资源权限","-","P1","流程草案",""
"INT-134","FLOW-09","SCR-040","state gallery","State Consumer","点击 View proof","点击","查询 API","是","获取验证证据和运行证明","state_id, version_id","显示 Loading；提交类控件暂时禁用","proof","打开证明详情","保留当前输入，显示明确错误并允许重试","骨架屏、行内进度或按钮 Loading，不阻塞无关区域","无数据时显示空状态与下一步入口","校验登录 Session 和目标资源权限","写入操作携带幂等键","P1","流程草案",""
"INT-135","FLOW-09","SCR-040","state gallery","State Consumer","点击 Try with my task","点击","写入+导航","是","创建临时测试草稿","state_id, task_intent","显示 Loading；提交类控件暂时禁用","test_draft_id","进入 SCR-021","保留当前输入，显示明确错误并允许重试","骨架屏、行内进度或按钮 Loading，不阻塞无关区域","无数据时显示空状态与下一步入口","校验登录 Session 和目标资源权限","写入操作携带幂等键","P0","流程草案",""
"INT-136","FLOW-09","SCR-041","state passport","State Consumer","打开 State Passport","页面加载","聚合查询","是","获取能力、权限、验证和匹配原因","state_id, version_id, task_intent?","显示 Loading；提交类控件暂时禁用","passport, match_detail","显示 SCR-041","保留当前输入，显示明确错误并允许重试","骨架屏、行内进度或按钮 Loading，不阻塞无关区域","无数据时显示空状态与下一步入口","校验登录 Session 和目标资源权限","写入操作携带幂等键","P0","流程草案",""
"INT-137","FLOW-09","SCR-041","state passport","State Consumer","点击 Try in Sandbox","点击","写入 API","是","创建临时 Sandbox/Test Session","state_version_id","显示 Loading；提交类控件暂时禁用","sandbox_session_id","进入 SCR-021","保留当前输入，显示明确错误并允许重试","骨架屏、行内进度或按钮 Loading，不阻塞无关区域","无数据时显示空状态与下一步入口","校验登录 Session 和目标资源权限","创建请求幂等","P0","流程草案",""
"INT-138","FLOW-09","SCR-041","state passport","State Consumer","点击 Install State","点击","写入 API","是","检查权限、License 和重复安装并创建 Installation","state_version_id","显示 Loading；提交类控件暂时禁用","inactive_installation","安装成功并出现在 Lab","已安装时返回现有 Installation；版本下架或无权限时阻止安装","骨架屏、行内进度或按钮 Loading，不阻塞无关区域","无数据时显示空状态与下一步入口","校验登录 Session 和目标资源权限","安装请求幂等；不得自动设为 Current State","P0","已确认",""
"INT-139","FLOW-09","SCR-016","preacherman lab","State Consumer","在 Lab 手动激活已安装 State","点击","写入 API","是","原子替换用户唯一的 Current State","installation_id, installation_revision, expected_current_installation_id","显示 Loading；提交类控件暂时禁用","active_installation, previous_current_installation_id","进入 SCR-001 并显示新 State","失败时原 Current State 保持不变，刷新后重试","骨架屏、行内进度或按钮 Loading，不阻塞无关区域","无 Current State 时允许直接激活目标 Installation","校验登录 Session、Installation owner 和目标资源权限","激活与安装是两个独立动作；同一用户只能有一个 Current State；记录审计日志","P0","已确认",""
"INT-140","FLOW-10","SCR-042","state ledger","State Owner/管理员","进入 State Ledger","页面加载","聚合查询","是","获取版本、分支、来源任务和时间线","state_id","显示 Loading；提交类控件暂时禁用","ledger","显示 Ledger Map","保留当前输入，显示明确错误并允许重试","骨架屏、行内进度或按钮 Loading，不阻塞无关区域","无数据时显示空状态与下一步入口","校验登录 Session 和目标资源权限","写入操作携带幂等键","P0","流程草案",""
"INT-141","FLOW-10","SCR-042","state ledger","State Owner/管理员","切换 Ledger Mode/视图","点击","前端切换+查询","部分","按视图获取必要数据","state_id, view_mode","先更新本地状态；远程数据单独显示进度","view_data","更新 Ledger 视图","保留当前输入，显示明确错误并允许重试","骨架屏、行内进度或按钮 Loading，不阻塞无关区域","无数据时显示空状态与下一步入口","校验登录 Session 和目标资源权限","-","P2","流程草案",""
"INT-142","FLOW-10","SCR-042","state ledger","State Owner/管理员","选择版本节点","点击","查询 API","是","获取版本详情、保留内容和质量信息","state_version_id","显示 Loading；提交类控件暂时禁用","version_detail","打开版本侧栏","保留当前输入，显示明确错误并允许重试","骨架屏、行内进度或按钮 Loading，不阻塞无关区域","无数据时显示空状态与下一步入口","校验登录 Session 和目标资源权限","写入操作携带幂等键","P1","流程草案",""
"INT-143","FLOW-10","SCR-042","state ledger","State Owner/管理员","点击 Compare/Compare with Current","点击","查询 API","是","获取两个版本结构化差异","left_version_id, right_version_id","显示 Loading；提交类控件暂时禁用","structured_diff","显示对比结果","保留当前输入，显示明确错误并允许重试","骨架屏、行内进度或按钮 Loading，不阻塞无关区域","无数据时显示空状态与下一步入口","校验登录 Session 和目标资源权限","写入操作携带幂等键","P1","流程草案",""
"INT-144","FLOW-10","SCR-042","state ledger","State Owner/管理员","点击 Branch","点击","写入 API","是","基于所选版本创建 Draft Branch","source_version_id, branch_name","显示 Loading；提交类控件暂时禁用","branch_draft","Ledger 增加分支节点","保留当前输入，显示明确错误并允许重试","骨架屏、行内进度或按钮 Loading，不阻塞无关区域","无数据时显示空状态与下一步入口","校验登录 Session 和目标资源权限","创建请求幂等并记录审计","P0","流程草案",""
"INT-145","FLOW-10","SCR-042","state ledger","State Owner/管理员","点击 Restore","点击","高风险写入","是","二次确认并基于历史版本创建新的 StateDraft","source_version_id, expected_current_version, confirmation_token","显示 Loading；提交类控件暂时禁用","state_draft, current_state_unchanged, ledger_event","进入 Lab 查看新 Draft；是否启用由用户另行选择","并发冲突时 Current State 不变，刷新 Ledger 后重试","骨架屏、行内进度或按钮 Loading，不阻塞无关区域","无数据时显示空状态与下一步入口","校验登录 Session 和目标资源权限","禁止直接删除历史或切换 Current State；记录审计","P0","已确认","Restore 只创建 Draft，不激活、不替换 Current State"
"INT-146","FLOW-10","SCR-042","state ledger","State Owner/管理员","点击 Replay State Evolution","点击","查询/回放","是","获取版本演化事件","state_id, time_range","显示 Loading；提交类控件暂时禁用","evolution_events","播放演化过程","保留当前输入，显示明确错误并允许重试","骨架屏、行内进度或按钮 Loading，不阻塞无关区域","无数据时显示空状态与下一步入口","校验登录 Session 和目标资源权限","写入操作携带幂等键","P2","流程草案",""
"INT-147","FLOW-10","SCR-042","state ledger","State Owner/管理员","点击 View Full Timeline","点击","分页查询","是","分页获取完整时间线","state_id, cursor","显示 Loading；提交类控件暂时禁用","timeline_items","显示完整时间线","保留当前输入，显示明确错误并允许重试","骨架屏、行内进度或按钮 Loading，不阻塞无关区域","显示“暂无版本事件”","校验登录 Session 和目标资源权限","写入操作携带幂等键","P2","流程草案",""
"INT-148","FLOW-10","SCR-001","home","State Owner/管理员","加载主 Monitor 摘要","页面加载","聚合查询+实时","是","获取 Health、Token、Active APIs 和 Activity 摘要","current_state_id","显示 Loading；提交类控件暂时禁用","monitor_summary","显示主 Monitor/Home","保留当前输入，显示明确错误并允许重试","骨架屏、行内进度或按钮 Loading，不阻塞无关区域","无数据时显示空状态与下一步入口","校验登录 Session 和目标资源权限","按 current_state_id 订阅摘要事件","P0","已确认",""
"INT-149","FLOW-10","SCR-001","home","State Owner/管理员","点击 Status/详情入口","点击","查询+导航","是","获取 Monitor 详细数据","state_id, time_range","显示 Loading；提交类控件暂时禁用","monitor_detail","进入 SCR-003/SCR-043","保留当前输入，显示明确错误并允许重试","骨架屏、行内进度或按钮 Loading，不阻塞无关区域","无数据时显示空状态与下一步入口","校验登录 Session 和目标资源权限","写入操作携带幂等键","P1","流程草案",""
"INT-150","FLOW-10","SCR-043","state status","State Owner/管理员","展开 Token/Health/API/Activity 卡片","点击","查询 API","是","获取时间序列或详细列表","state_id, metric, time_range","显示 Loading；提交类控件暂时禁用","metric_detail","展开卡片详情","保留当前输入，显示明确错误并允许重试","骨架屏、行内进度或按钮 Loading，不阻塞无关区域","无数据时显示空状态与下一步入口","校验登录 Session 和目标资源权限","写入操作携带幂等键","P1","流程草案",""
"INT-151","FLOW-10","SCR-043","state status","State Owner/管理员","查看 System Stream","打开 Stream","实时事件","是","订阅实时日志","state_id, filters","显示 Loading；提交类控件暂时禁用","log_events","日志持续更新","保留当前输入，显示明确错误并允许重试","骨架屏、行内进度或按钮 Loading，不阻塞无关区域","无数据时显示空状态与下一步入口","校验登录 Session 和目标资源权限","断线按 last_event_id 续传；日志分页/时间窗口加载","P1","流程草案",""
"INT-152","FLOW-10","SCR-043","state status","State Owner/管理员","返回 Home","点击","取消订阅+导航","部分","停止详情订阅","subscription_id","先更新本地状态；远程数据单独显示进度","取消成功","返回 SCR-001","保留当前输入，显示明确错误并允许重试","骨架屏、行内进度或按钮 Loading，不阻塞无关区域","无数据时显示空状态与下一步入口","校验登录 Session 和目标资源权限","-","P2","流程草案",""
"INT-153","FLOW-10","SCR-043","state status","State Owner/管理员","连接中断后自动重连","网络恢复","实时恢复","是","恢复订阅并补拉遗漏事件","subscription_id, last_event_id","显示 Loading；提交类控件暂时禁用","missed_events, live_state","恢复 Live","保留当前输入，显示明确错误并允许重试","骨架屏、行内进度或按钮 Loading，不阻塞无关区域","无数据时显示空状态与下一步入口","校验登录 Session 和目标资源权限","指数退避；去重；显示最后更新时间","P0","流程草案",""
